name,mean,std,min,max,kurtosis,skewness,median
"wind_data_37,123.25",6.869194504530838,3.4601274844867307,0.716936269517495,19.1876330055228,-0.2124610551874211,0.46404282698604227,6.601813603239355
"wind_data_37,123.5",6.836986766312224,3.436037050234099,0.590295898991325,18.9948816645762,-0.12970782869229103,0.4750745915941306,6.6068721293792745
"wind_data_37,123.75",6.806398078543565,3.432261919897336,0.132044472639702,18.8710513609797,-0.06369264677425601,0.4693005745774748,6.627855677533725
"wind_data_37,123",6.949109711005052,3.541118607571908,0.611371676591058,19.7691614268912,-0.24831681346586443,0.44904637855372015,6.60995948826727
"wind_data_37,124.25",6.680966826655241,3.399868640952571,0.275497288313507,17.9532000201939,-0.07091947682258448,0.47445298181998546,6.356188629042915
"wind_data_37,124.5",6.599428462706368,3.3889757718733886,0.22615563687543,17.4229221073134,-0.08673963035456822,0.48250443599572934,6.17646961251779
"wind_data_37,124",6.755036212190261,3.412977067534001,0.553064336824997,18.3565807621084,-0.06498099517228839,0.47093141820067275,6.55187287847704
"wind_data_37.25,123.25",6.890884739214337,3.4738657189681716,0.773185162094372,19.2067661223881,-0.27989968794099696,0.4312541885106772,6.60265212994726
"wind_data_37.25,123.5",6.855553787497077,3.453389912363733,0.727286850705163,19.1900419329483,-0.22047890468276998,0.445382417724495,6.66265264229384
"wind_data_37.25,123.75",6.825672949392768,3.445038774920801,0.639663815138624,19.1111645239913,-0.16413671188412948,0.44911423108075815,6.5866002761190146
"wind_data_37.25,123",7.008221316161799,3.561307793464628,0.365265772429118,19.5702485163395,-0.3355922840890426,0.4068162683663524,6.531478170218785
"wind_data_37.25,124.25",6.675422342278658,3.41711910027218,0.524531263289331,18.2912313873672,-0.15012048938554878,0.44842354652197175,6.433515371659805
"wind_data_37.25,124.5",6.577864757722366,3.399422964157629,0.598601928034291,17.6835983607128,-0.16621921678391072,0.4626914103789396,6.30397380861703
"wind_data_37.25,124",6.742271262488608,3.413356476296689,0.610931755185696,18.6529329982583,-0.15754798491586852,0.4384868232480314,6.60580072947571
"wind_data_37.5,123.25",6.874322285675552,3.485720266079717,0.433666321116858,19.32803191988,-0.3227887288459237,0.3915443148939078,6.55694770986274
"wind_data_37.5,123.5",6.839165596479139,3.472709635519584,0.0909408603171681,19.37263060847,-0.3072536625727911,0.3890968669799423,6.62079386763732
"wind_data_37.5,123.75",6.782675506136646,3.442937614016409,0.543896561232182,19.2244920772746,-0.278454262487712,0.3958868017709229,6.57544515121373
"wind_data_37.5,123",6.918351312279561,3.4998657248028535,0.330510623515802,19.1320341267179,-0.34216261175495877,0.3860016916377229,6.689623099563935
"wind_data_37.5,124.25",6.600365145437841,3.4109561336854304,0.28968089670632,18.6378130532414,-0.2068571627580864,0.427529501624406,6.414544915312105
"wind_data_37.5,124.5",6.497453119570436,3.4065236065927156,0.145120485531115,18.0800718627669,-0.2000326002246493,0.4403696850234744,6.3375409956867355
"wind_data_37.5,124",6.663754830031419,3.3964053193860795,0.508458994185493,18.8808951755999,-0.24009706755519789,0.4027244234657785,6.51043158466158
"wind_data_37.75,123.25",6.80933730056564,3.491684866469462,0.213835287330788,19.5119987257658,-0.3356897372747021,0.36108831910364875,6.648681621866615
"wind_data_37.75,123.5",6.752100207974879,3.4757311265029025,0.111149774034744,19.5173321912178,-0.3170057712014085,0.3533421120962514,6.693592598603945
"wind_data_37.75,123.75",6.68548687608245,3.4521543794460956,0.142405520769558,19.4423586541028,-0.2786405712477551,0.36274327912957555,6.55456955736992
"wind_data_37.75,123",6.8146730432677005,3.4744313402847506,0.278333162174204,19.2794117220067,-0.3339597524469835,0.36141655899125563,6.8360487319766
"wind_data_37.75,124.25",6.531657858900105,3.428014717099782,0.395838445502706,19.0177782348896,-0.21466219936880915,0.41659994361579195,6.515476034012585
"wind_data_37.75,124.5",6.396471525220503,3.419508367827094,0.322498747755616,18.4709346907645,-0.1905466163526648,0.4344875925747525,6.25811944143054
"wind_data_37.75,124",6.629874148917007,3.4510365133436283,0.290457434378427,19.403578843505,-0.22715853580703538,0.39030411695770373,6.54502735444452
"wind_data_38,123.25",6.718447718230923,3.493255482812592,0.189379527744797,19.7232973077354,-0.2720159093882457,0.3659531216425299,6.60391977663452
"wind_data_38,123.5",6.653242828426052,3.492620096359518,0.161365996305954,19.6967163501617,-0.2685228695300492,0.3614550945732393,6.553894813015545
"wind_data_38,123.75",6.578702973135786,3.4831242332957735,0.108952985343207,19.6292460798288,-0.24281741788464029,0.35960213859126133,6.522288254683556
"wind_data_38,123",6.737289529606531,3.4827610310320836,0.144010188035293,19.554528523308,-0.2732479984275753,0.3574474135483158,6.678350063499475
"wind_data_38,124.25",6.434648783755788,3.456749772534022,0.117984253055889,19.1950380448593,-0.23860566100586267,0.3961180724723983,6.37747844736868
"wind_data_38,124.5",6.329405764144593,3.454858783428529,0.123232644628553,18.7526376676846,-0.21118974476448837,0.42733949423704953,6.232712197846714
"wind_data_38,124",6.555128270672989,3.503046824608093,0.128127187451471,19.5960169283071,-0.24593747292646384,0.3774260727435984,6.519006117429345
"wind_data_38.25,123.25",6.615356496044853,3.481076683106025,0.238143068614327,19.762294426714,-0.23565581965879812,0.3801486215345972,6.55261221970947
"wind_data_38.25,123.5",6.551241984737211,3.4975343263072785,0.430701372822702,19.8309210912107,-0.2277133361350172,0.3754257818786665,6.457329413601196
"wind_data_38.25,123.75",6.529581905725917,3.5613845551289494,0.265528337812259,19.9768813045077,-0.22702451223484088,0.36326206690185514,6.475967010492015
"wind_data_38.25,123",6.647442280598384,3.4549661104938596,0.475771805437284,19.5612027057144,-0.2501130054178611,0.37388697336395316,6.547391760891536
"wind_data_38.25,124.25",6.379383340189129,3.512370993715805,0.0871293510381628,19.3834917119939,-0.26855292601438663,0.4026750340442685,6.36845306423557
"wind_data_38.25,124.5",6.329543791714856,3.542300797613188,0.0444901333312273,19.1646907709223,-0.26354774528601643,0.44909041746204587,6.12363808698571
"wind_data_38.25,124",6.467508674667657,3.552946098593142,0.100634597049137,19.7325038524101,-0.2569607851744067,0.3694756640648249,6.399412428917399
"wind_data_38.5,123.25",6.55867735963557,3.486107568280831,0.210919248802019,19.7820322819764,-0.23444086330052016,0.3871031682218184,6.55009017741435
"wind_data_38.5,123.5",6.521150405031751,3.5394608687622835,0.0436621198087424,20.0024942395312,-0.22804718199649887,0.3786163098115288,6.39481999334528
"wind_data_38.5,123.75",6.476948906035173,3.5844955420122364,0.0658829126761936,20.1192135534395,-0.2295595669587982,0.38069924161071583,6.447398685942115
"wind_data_38.5,123",6.577363337298567,3.4272551745156075,0.38902840269568,19.4842514176297,-0.2300139304008959,0.38068376181249375,6.37095479989901
"wind_data_38.5,124.25",6.3530007294543145,3.586424154751875,0.104634238077992,19.6686421978421,-0.30531088273315454,0.4175631330161915,6.2474331034323
"wind_data_38.5,124.5",6.2401898400360665,3.576139887270571,0.128389706589802,19.1388502981041,-0.3634360274800619,0.4519249053978326,6.086602256383999
"wind_data_38.5,124",6.425132526788394,3.5912175624787688,0.14111433505917,19.9444751271849,-0.2715952829468109,0.3920482153026942,6.38392065575078
"wind_data_38.75,123.25",6.463873394979337,3.4368730983045377,0.0946632559932026,19.5295591151919,-0.22131161387053977,0.3826429264590915,6.41441671230615
"wind_data_38.75,123.5",6.5007428977082435,3.521659477083862,0.412460384016408,19.952180452589,-0.2284901585130572,0.3993445426329117,6.50327411464398
"wind_data_38.75,123.75",6.444870851107449,3.5509943384177385,0.317054306487819,20.036241416854,-0.24265521216560382,0.40846039196798223,6.403148961544745
"wind_data_38.75,123",6.47916530717443,3.3896283248125436,0.477162695715003,19.2356415609875,-0.21653999520631162,0.36726664557420763,6.325604667336835
"wind_data_38.75,124.25",6.314890679742011,3.597830292014255,0.185850624409847,19.5843101782202,-0.3718516047597231,0.42196734445218564,6.1223906747528645
"wind_data_38.75,124.5",6.197360489472663,3.5822724929872454,0.264627247765072,19.0279873558225,-0.4421591041861923,0.45703488752762006,5.8202574320422
"wind_data_38.75,124",6.399174738837499,3.582384084637508,0.390578241576619,19.9670063668031,-0.2901042082131178,0.4121946552461179,6.316924556332265
"wind_data_39,123.25",6.39644616051292,3.406623979786222,0.489824050781776,19.3796947617741,-0.16831723072064086,0.3979929753093093,6.293052966153031
"wind_data_39,123.5",6.438725703397787,3.480955990971189,0.144733226928369,19.8240598458962,-0.17876280130357625,0.42100207824049374,6.361313645457734
"wind_data_39,123.75",6.417714040029398,3.5190249977821706,0.315241086817931,19.8891735429923,-0.22387074463581325,0.4213857085517033,6.283290451454825
"wind_data_39,123",6.2871944686573995,3.303233801950662,0.376654831992989,18.6984784202185,-0.17199240522571468,0.36370096725401707,6.139243621013515
"wind_data_39,124.25",6.291822695923304,3.571870300779927,0.538015887254533,19.5886534026761,-0.3639491595339486,0.4382950524563149,6.122593461068639
"wind_data_39,124.5",6.141936676816025,3.5473956822086796,0.0545065922705866,18.8622171953819,-0.4550949016773713,0.4444689148896663,5.890533509715075
"wind_data_39,124",6.378729348323447,3.5710329186513863,0.317190143567119,19.9888900675783,-0.2655956458694093,0.4247294293924405,6.225428278493185
"wind_data_34,123.5_C",6.941672446140259,3.2999130546732403,0.165907247442564,16.4809966619063,-0.25491945510983705,0.476213406192858,6.55779987964374
"wind_data_34,123.75_C",6.963753655716772,3.3156233875992625,0.501372148144364,16.4465868083267,-0.3243092380209909,0.44745626257443843,6.743748104921265
"wind_data_34,124.25_C",6.996538630448194,3.4058536662512178,0.140054561093285,16.0653528896229,-0.4666981451671872,0.35052847857019653,6.708451895580145
"wind_data_34,124.5_C",7.022970969836173,3.4487890462119557,0.0877262701786193,15.6422837824204,-0.5223497617794708,0.3113553528143413,6.666692533440784
"wind_data_34,124.75_C",7.062815123304361,3.484356280298202,0.284864374703616,15.8741954082898,-0.5408360576826379,0.3053237761463858,6.6765697662813395
"wind_data_34,124_C",6.983498086108058,3.3598914731174236,0.413507070715797,16.3257386412233,-0.4034253720770167,0.4012670878206831,6.714464117276425
"wind_data_34,125.25_C",7.064961705668815,3.5198154071134327,0.36570284278733,16.0818148420978,-0.5541983041556637,0.2807807797610597,6.758428803556535
"wind_data_34,125.5_C",7.085772019676861,3.554632938736329,0.198347386338916,16.2379059978853,-0.5472911991704263,0.2632043639535113,6.7423017976447746
"wind_data_34,125.75_C",7.128208100932301,3.575117616786994,0.100154881438006,16.3016171594288,-0.530608239417373,0.25274401461629137,6.77440364971519
"wind_data_34,125_C",7.052282281450532,3.4851611516563548,0.388228756082313,15.9710773238798,-0.5587631465845426,0.29319503281059794,6.7570638293365555
"wind_data_34,126.25_C",7.0068313104673,3.505376594644566,0.0722537163985131,16.4412598201065,-0.29218442459149596,0.36333414841096107,6.6759437554154
"wind_data_34,126.5_C",6.930293872410975,3.5103717070099973,0.138741080049584,16.8210651295954,-0.1300094110929959,0.46018059954882906,6.62681880836847
"wind_data_34,126_C",7.118967406602033,3.5639126246906465,0.14684191117622,16.4437690254039,-0.4564199481667224,0.28161005621482893,6.85752415897378
"wind_data_34.25,123.5_C",6.900041784808791,3.311079475046477,0.0518257358712635,16.2649063040876,-0.2538989205681377,0.49574177681792253,6.596461263685165
"wind_data_34.25,123.75_C",6.912667734127468,3.317912047735782,0.438847926242374,16.1740976638294,-0.3222832692212769,0.47152181728738196,6.626354690869655
"wind_data_34.25,124.25_C",6.927596572461027,3.406228509881503,0.466510616330315,15.9190571173228,-0.4534044862574995,0.3781897414018364,6.66270373244645
"wind_data_34.25,124.5_C",6.929948936710379,3.4390916008495003,0.42054713369379,15.5902119730619,-0.49323398693519405,0.34697227603439207,6.53199916128251
"wind_data_34.25,124.75_C",6.944126569013754,3.477585172241777,0.27299673181071,15.8334752841693,-0.5143165750044525,0.3249663063447579,6.5812718180817
"wind_data_34.25,124_C",6.92230439166017,3.3570353202231122,0.566900898716808,16.0886394630022,-0.3882392207566352,0.4289020899453325,6.62155600353775
"wind_data_34.25,125.25_C",6.91143289613032,3.490225046962027,0.527277178564268,16.1057489073881,-0.5641080889191059,0.29876950313500833,6.62555043123959
"wind_data_34.25,125.5_C",6.877564348287425,3.491479755825982,0.382883749444969,16.1546577615877,-0.567977235987212,0.2805238024274513,6.5942142534774995
"wind_data_34.25,125.75_C",6.916913766692068,3.490406706219358,0.263724030958593,16.2221559946713,-0.5554667126062429,0.2630134734442152,6.650617156196249
"wind_data_34.25,125_C",6.92689380609752,3.4757086764268643,0.465737237129204,15.9415660376878,-0.5472230846920363,0.3111032362680831,6.677346612244365
"wind_data_34.25,126.25_C",6.817448578214146,3.399395092710541,0.33237677382826,16.4897408545779,-0.2829635346510817,0.38366502758873244,6.507520479718595
"wind_data_34.25,126.5_C",6.347192435412927,3.1642686519344094,0.476499025399034,15.3831810792615,-0.13185222099324045,0.45237061971861087,6.14123313549262
"wind_data_34.25,126_C",7.019991152947808,3.5076104650766378,0.175800544053072,16.7173586716624,-0.44689823095048054,0.29871964860333505,6.79503458344314
"wind_data_34.5,123.5_C",6.830676191319327,3.3175567477567385,0.244146496685225,16.3514288162226,-0.23417150172653756,0.5070492908711408,6.55384612223121
"wind_data_34.5,123.75_C",6.848766563018696,3.327720940089647,0.366887310495384,15.9596036893035,-0.286774862358921,0.4887014011854529,6.505159226138015
"wind_data_34.5,124.25_C",6.837491083885992,3.4123296092318167,0.336338819687341,15.72797330012,-0.41196653727772015,0.3991593880461149,6.587010429117274
"wind_data_34.5,124.5_C",6.817199669791229,3.439285868404432,0.266310964768555,15.6370529290606,-0.45311605927706466,0.3684862846645324,6.54938384163131
"wind_data_34.5,124.75_C",6.784380424800514,3.4556572604875364,0.150505967614412,15.8086756927953,-0.47111495714112195,0.34862556797057803,6.46851914443532
"wind_data_34.5,124_C",6.857048613454228,3.3665273349521656,0.445866967531504,15.8505341337656,-0.34234842887440387,0.4509205279259637,6.609969174430435
"wind_data_34.5,125.25_C",6.757492936448327,3.4812731587356063,0.331446213524513,16.1700901022571,-0.5197346647164398,0.33161480685098793,6.5633552286509556
"wind_data_34.5,125.5_C",6.709645204392018,3.4719108180781837,0.261662503468143,16.1812266182456,-0.533775620555482,0.3215402415454187,6.4689318626749195
"wind_data_34.5,125.75_C",6.692629596169487,3.443675498455585,0.202267359266385,16.2577635128237,-0.5175420633414851,0.3187636603308587,6.571814847981274
"wind_data_34.5,125_C",6.77676144631906,3.463550513303581,0.427550216862139,15.9610896765811,-0.5095427565261819,0.3362022359947353,6.5532298758641545
"wind_data_34.5,126.25_C",6.344758663122067,3.2724844638938286,0.582380757186851,16.0576763858001,-0.2720781903537124,0.44642720530671043,6.15234090225876
"wind_data_34.5,126_C",6.75140800933985,3.4634242247523215,0.297284986611602,16.7223377226622,-0.42244526001248905,0.36869411635859606,6.6189658414401595
"wind_data_34.75,123.5_C",6.800307253451103,3.3218041664458373,0.512206890233256,16.3666413286328,-0.1893581993743032,0.5222748005296207,6.445404090506045
"wind_data_34.75,123.75_C",6.798903257975067,3.3402808270888156,0.420410158074376,16.0500836253668,-0.21930840709489052,0.5076338078080698,6.533866911194989
"wind_data_34.75,124.25_C",6.750194000004146,3.4179220195704922,0.305630326015423,15.79112651375,-0.3506862771414876,0.41578893308725856,6.527203720451265
"wind_data_34.75,124.5_C",6.718962582562912,3.4515108438064925,0.310219893655073,15.8308339699605,-0.3972353971993554,0.38916039695221055,6.46427517220818
"wind_data_34.75,124.75_C",6.686632926963985,3.470483575270144,0.238605771052588,15.8883112015256,-0.4097252105033009,0.37386944326675803,6.43939030908876
"wind_data_34.75,124_C",6.792395199024824,3.377729154734657,0.357398138575397,15.8352715759296,-0.27016470182093943,0.4721265716371571,6.540483017936225
"wind_data_34.75,125.25_C",6.585794085418622,3.470545604509212,0.318048865077831,16.093234935626,-0.47021722308082214,0.3654568810157652,6.44626211419442
"wind_data_34.75,125.5_C",6.554367607132946,3.478820958138937,0.210301930597417,16.186573452481,-0.4793854752577764,0.36527212679768933,6.482694060450715
"wind_data_34.75,125.75_C",6.474022997267003,3.462130238248644,0.224412970438632,16.1904294654611,-0.45128307081442065,0.38451943283240264,6.35697289184811
"wind_data_34.75,125_C",6.623026924009672,3.466432969712647,0.147711562676235,16.0041817861531,-0.43452202478265534,0.36289430877239975,6.449201037837305
"wind_data_34.75,126.25_C",5.833818436306581,3.1847690413125656,0.0939304069493807,15.383046537566,-0.22483509020708592,0.493603894003217,5.68842130645554
"wind_data_34.75,126_C",6.402862327011474,3.4519878474066172,0.538489042974005,16.4321036476406,-0.3487259647448031,0.44075328518905577,6.316576845423144
"wind_data_35,123.5_C",6.7676677985320435,3.3326769617001317,0.135109067010676,16.3063274625415,-0.14307084822488125,0.5383801870796076,6.25078151969783
"wind_data_35,123.75_C",6.7540809026651285,3.3551407609317496,0.139964942877899,16.1912544914242,-0.15591669260594232,0.5229407613187886,6.388629448605165
"wind_data_35,124.25_C",6.687001185069872,3.4390465271802406,0.201440083411304,16.0487224011567,-0.2713686455289417,0.4445115183295462,6.39812005166505
"wind_data_35,124.5_C",6.635881877431505,3.4728549771706025,0.343278833394809,16.0240039481598,-0.33179620754175065,0.41288539196446034,6.398109336331925
"wind_data_35,124.75_C",6.58925179421998,3.4886125026875257,0.286284403971524,15.9799921421326,-0.36853931633575243,0.4013911968279402,6.448112442487175
"wind_data_35,124_C",6.749612712775238,3.40158459561035,0.193936210560813,16.1600482556373,-0.19683619402824304,0.493956810913833,6.39119947150442
"wind_data_35,125.25_C",6.4292402475695996,3.4892792214955293,0.204358678097823,16.082986184466,-0.4265470999905081,0.3906288325347323,6.25988720736627
"wind_data_35,125.5_C",6.352213650008903,3.4868831517859236,0.337421916780038,16.017092144342,-0.4496966837011831,0.4058039720731191,6.211180340483345
"wind_data_35,125.75_C",6.241129436700028,3.4612229080701398,0.17613260893816,15.8821884467697,-0.42418620084421965,0.4258651328398049,6.151759053752965
"wind_data_35,125_C",6.530377825892086,3.4978899718563485,0.166397861782643,16.0976921316295,-0.39601648350453766,0.3850832553021008,6.409486474154975
"wind_data_35,126.25_C",5.415250317401709,3.0498902123927896,0.194828319557507,14.539332435143,-0.21027304472916786,0.5301851841127386,5.13302686047372
"wind_data_35,126_C",6.0384114470341865,3.375170921422025,0.265460983179014,15.6639033344605,-0.3432352412919961,0.48089632772435,5.811842563051565
"wind_data_35.25,123.5_C",6.759300224305242,3.348899512994814,0.502479468088151,16.986017864231,-0.127059273758114,0.5636974818597839,6.30037385656089
"wind_data_35.25,123.75_C",6.722397155084207,3.3611939780543807,0.286175814641235,16.8327160166689,-0.12436893340811705,0.5505512158210373,6.321042287199125
"wind_data_35.25,124.25_C",6.64264825520087,3.4609936772707797,0.0798764642608033,16.5290662560001,-0.2179872517634429,0.45643602435222586,6.349299576667169
"wind_data_35.25,124.5_C",6.564172181542516,3.4954425593106415,0.128314970606239,16.2942406380486,-0.2901632489818504,0.42336201963563524,6.27788630670804
"wind_data_35.25,124.75_C",6.493073403171301,3.5021385174187643,0.24925222459523,16.073766809415,-0.3426108194216497,0.42370358452461093,6.243086915202454
"wind_data_35.25,124_C",6.699986827766336,3.4023491041722482,0.166082819355314,16.684728337244,-0.15423203094924665,0.5130345194118129,6.2898161273440145
"wind_data_35.25,125.25_C",6.339709595277502,3.5266619922691564,0.367319593409493,16.1780698221443,-0.40222641312271445,0.4330597981054716,6.089485818633156
"wind_data_35.25,125.5_C",6.2363068048082235,3.52589473916848,0.314406928049956,16.0545644911317,-0.43602764395381977,0.44401750947926066,6.042190797017115
"wind_data_35.25,125.75_C",6.117400336386843,3.51308359746689,0.124716763124656,15.9341401520741,-0.423472674782543,0.472493493005894,5.911944189586849
"wind_data_35.25,125_C",6.440252655633926,3.518265233783121,0.303114004782523,16.1477870002963,-0.3737591856848379,0.42309752282153756,6.170425323420474
"wind_data_35.25,126.25_C",5.40180895482929,3.2180856031171876,0.285790279608496,15.2340425057037,-0.1224489715496242,0.6346159410255545,4.960407390199444
"wind_data_35.25,126_C",5.990825712250002,3.5006894312412373,0.215706073888241,16.0375599436845,-0.3344840187105431,0.5564002165154829,5.615915509107831
"wind_data_35.5,123.5_C",6.747098448979005,3.3661509557258116,0.824445812301313,17.6756397879997,-0.10064628238511242,0.5714316485193686,6.23583312678138
"wind_data_35.5,123.75_C",6.706078298007196,3.3710270603444923,0.727982287603079,17.5219719091942,-0.11372052027612334,0.5594954329517061,6.279219068092486
"wind_data_35.5,124.25_C",6.6105750692397525,3.4510354257158635,0.438905465784367,17.0715425796646,-0.19271591130911814,0.4856590800913924,6.22138081340231
"wind_data_35.5,124.5_C",6.53849988844353,3.5047602652595398,0.360821196377498,16.8351996884642,-0.24720338800502173,0.452176224178623,6.220189088881201
"wind_data_35.5,124.75_C",6.468255873793611,3.5233343364703273,0.253294431658457,16.5765524238116,-0.29078197652944127,0.4515894381354286,6.16361660459923
"wind_data_35.5,124_C",6.680038836938452,3.402951401430991,0.552327543535752,17.327088271397,-0.14256353819322376,0.5292979121214813,6.327774040951945
"wind_data_35.5,125.25_C",6.255878584532842,3.527375552493833,0.233987193246055,16.0786232529088,-0.3713197951576759,0.46722119210975505,5.9034318960482945
"wind_data_35.5,125.5_C",6.123282272883019,3.5193189752527503,0.19345336890058,15.9278951316153,-0.4101652662115334,0.47749186838161395,5.72958403520539
"wind_data_35.5,125.75_C",5.977261297346153,3.5025778657181825,0.262151291249864,15.7663201512045,-0.41690978261209244,0.5072128442638985,5.67380993190731
"wind_data_35.5,125_C",6.360838702845229,3.520018461862846,0.22769516061835,16.2254005265331,-0.32416062094566556,0.4602774876524802,6.0418643135095795
"wind_data_35.5,126.25_C",5.396521871253726,3.3137818533430523,0.187406764868922,15.4093218182404,-0.12920286459125885,0.6726589744319185,4.86828589799665
"wind_data_35.5,126.5_C",4.574070737160297,2.8395668831077003,0.0631180658942819,13.7159779824376,0.04543047986029469,0.7333629436977908,4.103588564889115
"wind_data_35.5,126_C",5.8580405570892715,3.5077592871140038,0.339637684382656,15.8014468974038,-0.3542540454992995,0.5707372605700732,5.381016456885559
"wind_data_35.75,123.5_C",6.750789560690638,3.373764799458564,0.360434152297704,17.9091056946319,-0.04476680992505777,0.581313155098715,6.268741604293255
"wind_data_35.75,123.75_C",6.701562026977515,3.377685058472213,0.411195156494988,17.7662032970353,-0.07518104730367314,0.558931907887265,6.22148492784158
"wind_data_35.75,124.25_C",6.583560211320701,3.4329549719383317,0.67615823855409,17.4281463884988,-0.16665764271645145,0.5014054673214237,6.217686011357305
"wind_data_35.75,124.5_C",6.515022932071041,3.479164108597509,0.280729406102632,17.18276700294,-0.21739597541397515,0.4758504322326493,6.098306382845555
"wind_data_35.75,124.75_C",6.438771244714134,3.497830329710519,0.154290705082894,16.8819620570147,-0.24906792167890757,0.4739669182443725,6.1340680635665805
"wind_data_35.75,124_C",6.681766356984877,3.414773598065369,0.653510414305962,17.7233622959064,-0.11543429917330306,0.5309011536078899,6.2834166557172
"wind_data_35.75,125.25_C",6.218547100605825,3.5157579101711107,0.330281806993361,16.0799403954643,-0.3285421114266196,0.48264294848336375,5.968414684015546
"wind_data_35.75,125.5_C",6.09242683014811,3.525516627061353,0.134009537017377,16.008441230188,-0.3529182837201117,0.49873157970384097,5.8492404209511655
"wind_data_35.75,125.75_C",5.948056553645626,3.511512930991422,0.432322827381653,15.8833202558569,-0.34963230433713965,0.5392825305981175,5.74199898939463
"wind_data_35.75,125_C",6.307214196792458,3.4922654265550945,0.116634835573869,16.4963679955532,-0.2772555762911253,0.47526862247622415,6.047470828466745
"wind_data_35.75,126.25_C",5.415925959320188,3.3192543829167707,0.031484132783137,15.443518393324,-0.06541917128725405,0.7080746853785272,4.898074103335655
"wind_data_35.75,126.5_C",4.648944839337312,2.8840981982402067,0.166813883976207,13.9292131283641,0.13810667728350268,0.8074807585650575,4.143528183039935
"wind_data_35.75,126_C",5.790708421628997,3.4669103154518908,0.176614451150422,15.6427692063622,-0.3284621944173649,0.5714363040586019,5.440425900173495
"wind_data_36,123.5_C",6.75707199236125,3.3927065794361067,0.343930624400958,18.3105096908414,-0.007463669206096313,0.5761421201174927,6.233560667552389
"wind_data_36,123.75_C",6.7069117610893745,3.385426329788514,0.179208699388208,17.8629455130259,-0.0012392385548127827,0.5638807771447114,6.273407099010755
"wind_data_36,124.25_C",6.588521113266712,3.4367328044408074,0.493315678964138,17.5199908258167,-0.1105451547085976,0.49751338922185917,6.21531039097733
"wind_data_36,124.5_C",6.52017614031437,3.4582350933346686,0.233009231984926,17.3440058165264,-0.1670465268502639,0.48894785084501813,6.160954273346006
"wind_data_36,124.75_C",6.438544059108822,3.4744662750716975,0.111521870968866,17.0539810265394,-0.20215965975450656,0.4858346284601249,6.063185950081045
"wind_data_36,124_C",6.680815319105226,3.4196146541930026,0.44906722931976,17.7521229629262,-0.05745402700407176,0.5307033422275339,6.311478077459535
"wind_data_36,125.25_C",6.193636341075442,3.473613877612584,0.3828389830184,16.3160932552196,-0.30793670521719596,0.48143070864855825,5.92040966127696
"wind_data_36,125.5_C",6.060541690495191,3.4853033536530242,0.297968076045603,15.924226379018,-0.3402109468072023,0.4987220631226393,5.85256903738685
"wind_data_36,125.75_C",5.919529228965562,3.4752535595272414,0.10832332143889,15.7856068022736,-0.3333918932655129,0.5307526439794814,5.612971454851935
"wind_data_36,125_C",6.295999866551128,3.4575581161513407,0.230787674575649,16.748517004783,-0.24436462292378636,0.4863632619710779,6.023415413832295
"wind_data_36,126.25_C",5.400766176978359,3.2973315426087764,0.218076585160799,15.4333662714423,-0.06610851413001884,0.7262092931336164,4.8718429548502
"wind_data_36,126_C",5.798628063182327,3.460741702581688,0.215712926937992,15.7395116168299,-0.30535442715692573,0.5895819589831001,5.37065440986539
"wind_data_36.25,123.5_C",6.756263557905902,3.413818869882149,0.544363908566963,18.7769661908657,0.03046340722233376,0.5556221476775592,6.27071811033759
"wind_data_36.25,123.75_C",6.704004527793658,3.407115117908176,0.270910790163173,18.3219819796314,0.03543048398392079,0.5408384457185706,6.280229255306425
"wind_data_36.25,124.25_C",6.606014634737539,3.4247270195961037,0.26998932064464,17.52017947695,-0.042762673825312625,0.5069830567078182,6.302231370166465
"wind_data_36.25,124.5_C",6.538925231859976,3.4371822438518405,0.265393280975435,17.3476997203536,-0.10416453239988144,0.5036961793769471,6.226283845032065
"wind_data_36.25,124.75_C",6.454606977717602,3.4323834402057964,0.0724507084563796,17.2210286202415,-0.1613049446708099,0.5005877338703012,6.1391724723078
"wind_data_36.25,124_C",6.673344968987079,3.430400931369783,0.112817062756483,17.928209544792,-0.0001972587830789685,0.5092218107217428,6.315725735183295
"wind_data_36.25,125.25_C",6.216744739369709,3.433089821949825,0.387996784430407,16.5875173172068,-0.2893767689513096,0.4950994784910743,5.940676388260485
"wind_data_36.25,125.5_C",6.056916794824448,3.4263718360157003,0.39937867901012,16.1199482333597,-0.3167944765550623,0.5033264501705036,5.923638842468475
"wind_data_36.25,125.75_C",5.906162450436883,3.4291093216991078,0.174831090931705,15.7403911117398,-0.3216910508167463,0.5316042878720264,5.639163663447764
"wind_data_36.25,125_C",6.324636204044675,3.420600320644318,0.336398525671765,16.9930946480995,-0.21935724125207612,0.4958576135750832,5.9939460159118845
"wind_data_36.25,126.25_C",5.20976501749088,3.188074779192346,0.398917634501426,14.7903885339994,-0.1285770204943102,0.7300963296346183,4.69943509354848
"wind_data_36.25,126_C",5.757639162098829,3.4391496286587,0.325317377938729,15.7772873648395,-0.2707368787509026,0.6173818861322493,5.35614614050574
"wind_data_36.5,123.5_C",6.759304058737034,3.4229918877709826,0.420911976682138,18.7620380082748,0.0021394745589438102,0.5279878495477277,6.36377684984665
"wind_data_36.5,123.75_C",6.714292585491938,3.412049968275412,0.180119165364937,18.4778742403821,0.04109081526933078,0.5221146580551456,6.314358987940045
"wind_data_36.5,124.25_C",6.621684672012294,3.408016455961615,0.323232092367717,17.6897422416824,-0.008537583191476017,0.5138584399444943,6.240170486086975
"wind_data_36.5,124.5_C",6.562131430500845,3.404644081254219,0.12216153574254,17.4319234839158,-0.042854024411227876,0.515086786408238,6.245105319378551
"wind_data_36.5,124.75_C",6.477020275654626,3.400244096560776,0.222006402341673,17.3077297985091,-0.11326485840798917,0.5097604248638669,6.14508721068349
"wind_data_36.5,124_C",6.684379118178009,3.4177856732406564,0.17070665239961,18.1427949244412,0.011506025497284078,0.5116674198763098,6.318460098634775
"wind_data_36.5,125.25_C",6.232711603547969,3.3875632198596537,0.486995127674568,16.768492456603,-0.24351795256720932,0.5097076122630863,5.80153693668307
"wind_data_36.5,125.5_C",6.0691213050876645,3.386696736779249,0.525219293702784,16.3025153062201,-0.2821215390810541,0.511776007182825,5.70222072306553
"wind_data_36.5,125.75_C",5.86646761367483,3.3642264165683957,0.439944631157107,15.6617515723186,-0.2990192982356743,0.541118020239803,5.501088979859841
"wind_data_36.5,125_C",6.365206436136188,3.382484363043648,0.403335296232665,17.1008338337868,-0.18291440254340197,0.507746421604549,6.01707620756393
"wind_data_36.5,126_C",5.659796991455877,3.3510664161304713,0.333713003911296,15.5416462204298,-0.2504772415287664,0.6279549700424816,5.355166005299219
"wind_data_36.75,123.5_C",6.808176338552346,3.428664516981416,0.401434338235374,18.9462048117745,-0.029677457231193305,0.5045879339853157,6.50108193788824
"wind_data_36.75,123.75_C",6.766016132800402,3.412243397318369,0.431381199300472,18.6775151756827,0.012935171079110575,0.5089597570426212,6.493270289653944
"wind_data_36.75,124.25_C",6.660204204283782,3.398515320841213,0.257121260490968,17.8515537776632,-0.00720064914038554,0.5032765452147597,6.26996225787442
"wind_data_36.75,124.5_C",6.60144754720341,3.397620998109354,0.105538296439893,17.422681052606,-0.03346166934772565,0.5029458818908096,6.327848993515205
"wind_data_36.75,124.75_C",6.51949527307418,3.3930356113366043,0.187592281713463,17.2278528505203,-0.08094930551461577,0.5062068091532735,6.19899282799165
"wind_data_36.75,124_C",6.719457182111218,3.401787028266245,0.399701228909401,18.2153838551272,0.0018263373009990147,0.5046539468747419,6.36791035374462
"wind_data_36.75,125.25_C",6.239853247204402,3.3544491340553395,0.352037182655264,16.5933932919965,-0.21704957062235675,0.5129878701717643,5.893131967622705
"wind_data_36.75,125.5_C",6.069699754981871,3.361746996534634,0.162480358913446,16.0969467787666,-0.2659804514007509,0.5143011523412813,5.66508014563624
"wind_data_36.75,125.75_C",5.882017451564172,3.3401252645625434,0.219403730670611,15.6871109906106,-0.3011997172596814,0.5577763519744294,5.43887495913901
"wind_data_36.75,125_C",6.3967128676835285,3.3595853496756543,0.218141116969885,16.9405560926521,-0.1536159526390053,0.5168822535857123,6.057643034589325
"wind_data_36.75,126_C",5.627736121893219,3.2740234356861286,0.199977885449109,15.2294552616993,-0.31634682868410735,0.6081145835680034,5.157078322627835
"wind_data_37,124.75_C",6.514619086290666,3.3800907946035745,0.229076711340803,16.7846734724125,-0.122495700191954,0.49015631920031133,6.158895912244105
"wind_data_37,125.25_C",6.228855563073332,3.349102142106349,0.0737734315901558,15.9616672509936,-0.22853852867270152,0.5062844229142395,5.92831294528374
"wind_data_37,125.5_C",6.050328101852791,3.352228935741783,0.129428524855618,15.8250772098669,-0.28791170862768656,0.5124142564173821,5.7478586029141905
"wind_data_37,125.75_C",5.883831210387065,3.3293086881026412,0.162867316656374,15.5302966225906,-0.3629037053804094,0.5468092673259196,5.505435816627985
"wind_data_37,125_C",6.411561860623704,3.3638474119121393,0.493123046035215,16.3542606496924,-0.17849961767404965,0.5102416480857282,6.0489272844479345
"wind_data_37,126.25_C",5.219965971957211,3.0742297225676745,0.319954870940669,14.1283381129576,-0.3701488284274137,0.6270296849493469,4.567866871696965
"wind_data_37,126.5_C",4.6371923806600215,2.73759649157481,0.13604351318315,12.7631561291424,-0.23006255688851596,0.6823201334617617,4.07906071697576
"wind_data_37,126_C",5.718347341804421,3.296767891943894,0.292715637025238,15.1104610582358,-0.42209353403170624,0.583068576311901,5.190560146280905
"wind_data_37.25,124.75_C",6.457968894560849,3.3790275781160295,0.0334373320383835,16.8659608690653,-0.19778455040229836,0.47196058836693994,6.190839688737334
"wind_data_37.25,125.25_C",6.14249475263228,3.33639895606396,0.0518668431243885,15.8053786024652,-0.3061753327405743,0.5033466583398057,5.8315153863154645
"wind_data_37.25,125.5_C",5.923918319731431,3.3006149877213167,0.127949503558072,15.4441977943233,-0.36411366642945886,0.509795441092559,5.58548962625469
"wind_data_37.25,125.75_C",5.7522152776731685,3.257923985972148,0.0754389177971289,15.0328161886601,-0.4203024653850629,0.5363986162234424,5.34384935446063
"wind_data_37.25,125_C",6.337290483321839,3.361411711493465,0.177019462136738,15.9292267514148,-0.24705084133305144,0.48766928989714015,5.936618621872945
"wind_data_37.25,126.25_C",5.41803667456768,3.169600423579653,0.460249005230394,14.5191583128598,-0.35356200915693625,0.6542725512566214,4.60821293344042
"wind_data_37.25,126.5_C",4.926115961230202,2.8862066818748424,0.242838530641702,13.3446524296067,-0.21915848923691783,0.7082495051633592,4.182861091361614
"wind_data_37.25,126_C",5.6495648218235575,3.234288066467395,0.420775621408087,14.7094146895288,-0.4431474409629468,0.5788561183374928,5.111580212266524
"wind_data_37.5,124.75_C",6.366783013165167,3.3898373714060592,0.189467628377298,17.2091072970887,-0.22952786810050796,0.4535443811414094,6.08752396302487
"wind_data_37.5,125.25_C",5.9545412402976154,3.285330814333285,0.10607917855016,15.6444549631366,-0.34493356177515677,0.4951641588561763,5.668342657800499
"wind_data_37.5,125.5_C",5.740603431500238,3.2188459558150817,0.410552584548439,15.1128406463807,-0.3568046714215227,0.5413721660535189,5.28907843577026
"wind_data_37.5,125.75_C",5.558994749163818,3.1589607354929554,0.26731373244449,14.6974673639248,-0.343171995474433,0.5893221447671096,4.87215290108878
"wind_data_37.5,125_C",6.221562014890806,3.3683756698512104,0.137137020224532,16.0971544396257,-0.28698803372959825,0.4723321485578579,5.87095179038908
"wind_data_37.5,126.25_C",4.930836566322151,2.8406500319324826,0.166360568251595,12.9818591634884,-0.2608144657286724,0.696939953926082,4.19110899199796
"wind_data_37.5,126_C",5.350488191630127,3.0664481407023554,0.065114805487155,14.2662517221018,-0.2935142006629041,0.6588219529524032,4.568785184488069
"wind_data_37.75,124.75_C",6.251047782405608,3.4011380708283627,0.22332868466506,17.6211026784296,-0.2060227535812218,0.4557276840888169,6.0338631869607955
"wind_data_37.75,125.25_C",5.4899904533593675,3.0669196253127797,0.0040748699648547,14.9580817527979,-0.2404004470040486,0.5297707931765131,5.20100684480655
"wind_data_37.75,125.75_C",4.945943422932884,2.849709575207054,0.109647726758731,13.5879087608118,-0.18289156440357113,0.6686259752229842,4.351387148088645
"wind_data_37.75,125_C",6.026811865579457,3.3510870759655513,0.142048447370836,16.2410360902451,-0.21896024221771793,0.4950862119901154,5.703681040228615
"wind_data_37.75,126_C",4.761606375145091,2.7585531468370417,0.133932418084114,13.2010724714795,-0.12682067679914644,0.7204977848240759,4.0573281664543
