temperature_2_m_above_gnd,relative_humidity_2_m_above_gnd,mean_sea_level_pressure_MSL,total_precipitation_sfc,snowfall_amount_sfc,wind_speed_10_m_above_gnd,wind_direction_10_m_above_gnd,angle_of_incidence,azimuth,generated_power_kw
2.17,31,1035,0,0,6.37,312.71,58.753108,128.33543,454.10095
2.31,27,1035.1,0,0,5.15,294.78,45.408585,139.6553,1411.9994
3.65,33,1035.4,0,0,4.68,270,32.848282,152.53769,2214.8493
5.82,30,1035.4,0,0,3.6,323.13,22.699288,166.90159,2527.6092
7.73,27,1034.4,0,0,6.21,10.01,19.199908,182.13526,2640.2034
8.69,29,1034.6,0,0,6.29,23.63,25.088167,197.22062,2546.0816
9.72,27,1034,0,0,5.96,25.02,36.197514,211.21422,2270.3207
10.07,28,1034.1,0,0,7.07,14.74,49.073008,223.65641,1063.8302
9.38,32,1033.9,0,0,9.42,6.58,62.37114,234.50308,86.817611
6.54,47,1035.1,0,0,7.92,360,105.86656,216.06756,9.6666667
2.18,24,1038.5,0,0,7.15,229.09,58.845824,128.19736,513.90842
2.41,25,1038.4,0,0,7.7,232.59,45.485379,139.51405,1076.7197
4.21,33,1039.3,0,0,6.49,236.31,32.896851,152.39916,1018.7148
6.9,36,1039,0,0,3.96,270,22.691118,166.76722,2307.0852
9.29,30,1037.6,0,0,6.49,19.44,19.107739,182.12489,2261.3353
11.86,26,1036.5,0,0,5.69,18.43,24.953054,197.12913,1706.41
12.47,26,1036.5,0,0,9.11,18.43,36.063181,211.15002,1385.8102
11.99,30,1036.7,0,0,10.83,15.42,48.947246,223.61621,547.77553
11.32,33,1036.5,0,0,10.93,17.24,62.1479,234.39741,61.566961
3.77,35,1039.1,0,0,6.99,235.49,58.9765,128.02444,419.20845
4.01,36,1039.6,0,0,6.83,251.57,45.55898,139.36964,1371.9036
6.66,34,1039.7,0,0,5.41,266.19,32.941458,152.25258,2154.5695
9.29,40,1038.3,0,0,2.97,284.04,22.67679,166.63244,2456.0311
12.26,33,1037.5,0,0,4.84,318.01,19.004469,181.90286,2536.1985
13.77,30,1036.6,0,0,5.51,348.69,24.813234,197.04081,2462.3889
14.43,30,1036.6,0,0,7.59,354.56,35.926593,211.09034,2202.6894
14.58,30,1036.4,0,0,9.01,357.71,48.820772,223.58144,1046.8986
14.04,32,1036.6,0,0,9.37,357.8,62.14581,234.4662,88.940216
4.25,30,1038.8,0,0,6.61,209.36,59.024684,127.90935,418.46229
4.28,31,1038.6,0,0,6.3,210.96,45.734575,139.12312,1300.4193
5.76,35,1038.4,0,0,5.5,211.61,32.981515,152.10722,2143.0744
8.47,40,1037.1,0,0,1.8,233.13,22.656758,166.49739,2436.7275
11.34,33,1035.3,0,0,2.9,29.74,18.896941,181.78886,2534.3489
12.25,29,1034.3,0,0,7.79,33.69,24.669091,196.95568,2477.8934
12.6,30,1033.5,0,0,9.51,29.48,35.787961,211.03516,2206.8945
12.66,31,1033.5,0,0,6.7,36.25,48.693732,223.55205,1040.8729
12.4,33,1032.7,0,0,7.59,31.43,62.033585,234.45672,93.423875
1.92,73,1034.2,0,0,15.48,178.67,59.11072,127.75963,425.30454
1.51,80,1035.2,0,0,15.86,177.4,45.676492,139.09168,1355.1012
4.38,76,1034.8,0,0,15.5,177.34,33.017211,151.96007,2122.2185
7.8,67,1032.8,0,0,16.24,176.19,22.630859,166.3621,2430.8578
10.07,58,1031.7,0,0,14.47,174.29,18.782814,181.67644,2549.7753
12.65,38,1028,0,0,4.69,147.53,24.520556,196.87383,2505.5434
13.28,39,1027.2,0,0,4.83,116.57,35.647353,210.98459,2236.1667
13.36,42,1027.2,0,0,5.35,109.65,48.566224,223.52814,1079.7043
12.68,49,1027.5,0,0,5.69,124.7,61.921788,234.45328,97.017519
0.62,45,1031.7,0,0,7.7,217.41,59.194427,127.6062,445.47816
0.82,44,1031.9,0,0,7.65,228.81,45.760553,138.9187,1411.1547
3.32,45,1032.3,0,0,5.19,236.31,33.020593,151.84501,2212.9796
7.06,47,1030.9,0,0,3.32,319.4,22.599143,166.22665,2522.2383
9.36,34,1029.1,0,0,7.73,332.24,18.662127,181.56566,2625.5014
8.86,41,1026.8,0,0,10.08,360,24.367718,196.79534,2577.2011
9.23,42,1027.1,0,0,10.5,5.91,35.504891,210.93869,2283.7003
9.21,44,1027,0,0,10.95,9.46,48.438368,223.50976,1086.2028
8.64,48,1027,0,0,9.53,10.89,61.810516,234.45592,103.20437
-2,99,1036.6,0,0,7.65,221.19,59.16669,127.53295,455.91293
-1.77,92,1037,0,0,9.18,228.18,45.82124,138.7627,1417.3211
0.78,81,1037.1,0,0,6.92,231.34,32.972619,151.77289,2224.3277
4.01,70,1036.3,0,0,4.02,243.43,22.528242,166.15308,2549.8831
6.32,62,1035.1,0,0,1.3,326.31,18.53492,181.45661,2637.6611
8.03,45,1030.6,0,0,6.19,35.54,24.210671,196.72028,2567.6217
8.93,42,1030.1,0,0,8.37,25.46,35.360702,210.89752,2293.5854
9.11,43,1030.5,0,0,10.59,17.82,48.310286,223.49696,1167.8618
8.46,47,1030.6,0,0,10.37,20.32,61.69987,234.46465,114.485
-0.48,56,1041.5,0,0,7.9,226.85,59.354669,127.28859,473.56029
-0.38,49,1042.1,0,0,7.9,226.85,45.878645,138.60401,1441.6025
1.6,43,1042.8,0,0,6.99,214.51,34.916885,149.40834,2175.1235
1.52,38,1046.8,0,0,10.32,209.25,59.459979,127.1029,487.39034
2.2,34,1046.6,0,0,10.5,202.17,45.932756,138.4427,1394.0949
4.7,34,1046.6,0,0,10.48,195.95,33.116754,151.3552,2183.2921
8.01,38,1045.1,0,0,7.57,182.73,22.469629,165.8201,2499.1097
10.59,33,1044,0,0,5.96,154.98,18.261132,181.24394,2675.5011
12.3,48,1042.4,0,0,9.45,17.74,23.884365,196.58075,2568.4284
12.29,50,1042.1,0,0,11.17,20.77,35.067678,210.82967,2246.8706
12,52,1042.2,0,0,11.38,18.43,48.057721,223.49136,1169.1853
11.88,52,1041.9,0,0,10.16,22.93,61.594298,234.58905,115.48638
3.45,26,1042.3,0,0,10.23,230.71,59.505047,126.95723,506.59034
3.47,31,1041.4,0,0,8.71,231.71,45.983564,138.27885,1437.5185
6.18,41,1041.2,0,0,5.69,251.57,33.120046,151.215,2222.6927
9.49,40,1040,0,0,2.62,285.95,22.415204,165.68476,2533.2102
12.46,36,1038.8,0,0,3.4,327.99,18.108999,181.05875,2627.5657
14.32,27,1032.5,0,0,6.88,276.01,23.715326,196.51641,2554.7255
15.06,26,1034.2,0,0,7.1,329.53,34.919123,210.80309,2281.9892
14.87,26,1033.3,0,0,14.04,358.53,47.925942,223.49251,1107.7147
13.49,33,1034.9,0,0,9.03,355.43,61.372756,234.52776,130.56522
0.83,78,1035.4,0,0,7.59,275.44,59.576432,126.78663,33.746162
1.42,81,1034.2,0,0,7.07,284.74,46.031062,138.11256,335.80854
5.24,71,1033.7,0,0,6.99,348.11,33.140946,151.04407,2133.7886
7.68,68,1035,0,0,12.24,360,22.385128,165.50514,2506.0048
8.16,68,1033.3,0,0,15.28,15.02,17.952533,181.16953,2555.6055
8.66,67,1033.3,0,0,20.43,14.28,23.542523,196.45579,2361.4471
8.87,71,1034.2,0,0,18.89,7.67,34.769401,210.7815,2239.379
9.01,70,1033.6,0,0,12.68,6.52,47.798229,223.50249,1209.1943
9.08,69,1031.9,0,0,15.28,15.02,61.265693,234.56117,116.31498
-0.13,93,1036.2,0,0,15.23,186.79,59.64523,126.61287,503.15395
-0.2,94,1036.6,0,0,18.09,185.71,46.075248,137.9439,1400.0511
2.91,84,1036,0,0,19.08,180,33.146766,150.8866,2166.6904
5.95,73,1034.2,0,0,21.25,178.06,22.289876,165.41479,2542.4739
8.24,64,1032.7,0,0,20.28,173.88,17.800296,181.04397,2677.5709
10.28,44,1029.3,0,0,13.98,168.11,23.366081,196.39896,2607.0784
10.75,45,1029.1,0,0,16.74,161.18,34.618664,210.76496,2304.9839
10.63,44,1028.7,0,0,21.31,164.32,47.670941,223.51827,1244.6791
9.72,48,1029.1,0,0,22.1,167.77,61.159809,234.60081,135.79522
-0.97,67,1029.2,0,0,13.32,218.42,59.711404,126.43606,445.91228
-1.12,73,1030.2,0,0,14.51,223.99,46.116121,137.77297,1353.1714
2.55,63,1029,0,0,12.31,232.13,33.148459,150.72797,2127.6647
7.45,52,1026.1,0,0,12.56,242.7,22.219137,165.2803,2437.0792
10.78,38,1024.3,0,0,21.32,258.31,17.637551,180.84246,2568.2777
12.61,31,1023.7,0,0,22.31,259.78,23.18615,196.34598,2350.5334
12.67,32,1023.2,0,0,22.7,255.3,34.467074,210.75351,968.71618
12.57,34,1022.4,0,0,21.22,255.26,47.544217,223.53989,233.24195
12.09,37,1022.3,0,0,21.54,260.38,61.055217,234.64669,40.214319
3.69,97,1027.4,0.1,0,10.44,313.6,59.774919,126.25627,480.82352
3.03,98,1027.7,0.1,0,7.79,303.69,46.153679,137.59984,1400.3916
4.92,82,1027.1,0,0,5.8,299.74,33.14606,150.56824,2190.3046
5.93,76,1027.6,0,0,3.32,282.53,22.143084,165.14625,2537.5603
7.28,69,1026.3,0,0,2.6,236.31,17.466135,180.74748,2689.5167
9.45,65,1025.4,0,0,3.98,354.81,23.002835,196.29693,2590.2565
10.17,62,1024.3,0,0,2.55,315,34.314784,210.74723,2268.1099
10.88,58,1023.6,0,0,5.41,266.19,47.393687,223.54443,1249.0877
11.03,59,1022.8,0,0,5.62,230.19,60.952041,234.69882,143.9723
10.88,60,1022.6,0,0,7.07,194.74,106.69672,215.21543,16.101307
0.79,93,1020.6,0,0,20.18,195.52,59.83574,126.07362,491.01385
2.61,91,1019.1,0,0,23.22,199,46.187931,137.42462,589.7025
5.84,77,1018.4,0,0,30.49,202.93,33.139627,150.40752,1522.622
7.08,71,1017.3,0,0,30.92,207.76,22.061843,165.0127,690.96898
8.51,64,1015.3,0,0,30.57,212.01,17.288684,180.65482,291.16097
8.96,55,1015.2,0,0,28.4,210.47,22.816323,196.25188,177.40503
9.17,53,1013.9,0,0,29.27,211.93,34.161975,210.74617,156.05012
7,69,1013.6,0,0,29.39,210.96,47.29302,223.6008,123.7152
7.01,74,1013.3,0,0,28.66,206.89,60.736301,234.67098,17.422826
-2.16,94,1016.2,0,0,31.26,302.77,60.008276,125.80142,162.85673
-3.41,97,1016.9,0,0,23.34,296.57,46.218879,137.24737,1416.8051
-0.57,75,1017.2,0,0,24.93,287.65,33.129206,150.24586,1549.9781
1.54,62,1016.2,0,0,22.91,278.13,21.879876,165.03328,1717.2196
2.77,57,1015.7,0,0,25.96,273.18,17.105247,180.56453,1463.1401
1.86,69,1016.5,0,0,42.33,303.55,22.626764,196.2109,774.13052
2.72,63,1016,0,0,43.53,304.22,34.00882,210.75038,202.27496
2.62,68,1016.3,0,0,42.24,302.47,47.168844,223.64017,332.33587
2.5,73,1017.1,0,0,41.14,302.86,60.750413,234.8219,177.91597
-5.35,82,1028.9,0,0,15.94,276.48,59.962798,125.6905,553.33489
-4.92,84,1028.8,0,0,14.83,275.57,46.24653,137.06821,1457.4705
-1.68,75,1028.2,0,0,14,287.97,33.114848,150.08337,2219.2605
1.3,61,1026.6,0,0,18.2,294.54,21.884109,164.74744,2595.2027
2.34,59,1025.8,0,0,20.77,297.9,16.915904,180.47672,2724.477
4.5,31,1024.7,0,0,7.79,303.69,22.434327,196.17407,2668.6514
5.21,27,1023.4,0,0,7.63,289.29,33.855504,210.75993,2415.1739
5.6,26,1022.8,0,0,8.05,280.3,47.045819,223.68551,1160.2291
5.58,27,1022.2,0,0,9.01,267.71,60.652214,234.89287,127.90982
-0.93,89,1014.9,0.2,0,46.8,180.44,59.77182,125.68362,7.6198024
-0.64,88,1014.1,0.2,0,46.44,180,46.270887,136.88722,164.66754
0.34,84,1014.5,0.2,0,48.24,180,33.127877,149.88763,315.74279
1.02,80,1013.8,0.1,0,48.24,180,21.787798,164.61589,316.44196
1.62,77,1012.5,0.1,0,46.81,181.32,16.729554,180.38464,870.24529
1.22,77,1012.7,0,0,45.01,172.65,22.239193,196.14147,902.17283
1.82,76,1012.5,0,0,42.34,174.14,33.702217,210.77488,357.74893
2.5,76,1012,0,0,40.06,175.88,46.924101,223.73688,125.95566
1.83,81,1010.4,0,0,37.65,173.96,60.555932,234.97013,25.226724
-3.59,94,1015.8,0,0,45.67,20.29,44.277769,138.49077,0.060569106
-3.08,94,1017.7,0,0.07,42.18,15.34,33.074579,149.75625,19.060523
-2.18,92,1017,0,0.07,46.33,18.58,21.686838,164.48521,155.21215
-1.2,79,1016.2,0,0,48.55,23.14,16.52021,180.3088,1137.9982
0.05,68,1016.3,0,0,40.38,21.99,22.041724,196.11313,2176.6919
0.81,64,1015.9,0,0,39.39,18.1,33.549205,210.79523,2204.0698
1.29,62,1016,0,0,36.36,11.42,46.803868,223.79425,1544.6314
1.51,64,1015.3,0,0,33.99,5.47,60.461693,235.05367,226.21317
-1.95,91,1013.5,0,0,8.59,236.98,60.213583,125.03395,480.20512
-1.24,79,1012.5,0,0,12.5,258.37,46.309746,136.52016,568.66697
-2.19,86,1013.8,0,0.07,14.69,281.31,33.048672,149.5917,639.75016
-1.85,86,1013.6,0.1,0.28,13.83,308.66,21.580768,164.35537,705.53718
-0.86,87,1012.3,0.1,0.42,17.48,327.62,16.313284,180.22888,709.37222
0.86,81,1010.6,0.2,0.07,11.02,321.63,21.841608,196.08925,595.21168
1.82,76,1010.2,0.1,0,13.76,317.12,33.396534,210.82121,288.75358
2.28,78,1009.6,0,0,17.38,320.04,46.68524,223.85783,120.28781
2.12,81,1010.5,0,0,21.18,328.2,60.174983,234.99589,54.593671
2.3,85,1010.1,0,0.14,25.74,339.54,107.16705,215.04426,10.725232
-4.36,96,1017.1,0,0,19.96,309.14,60.142185,124.92334,176.33224
-3.85,91,1016.6,0,0,23.4,300.51,48.078984,135.32166,555.61982
1.18,80,1013.9,0,0,41.25,302.16,16.671723,186.61222,487.8004
1.28,84,1011,0.3,0.35,43.01,298.5,21.639563,196.06981,769.56467
2.37,82,1010.2,0.3,0.28,48.7,318.3,33.244549,210.85274,411.2987
2.27,79,1010.6,0.4,0.14,46.01,322.95,46.568426,223.92748,435.15191
1.71,79,1010.5,0.4,0.14,41.94,327.26,56.223037,232.11495,46.973611
-1.93,92,1017.1,0.4,0,41.75,315.7,46.335509,136.14697,0.88722222
-0.92,87,1018.8,0.3,0,40.49,316.8,32.985843,149.26133,38.837352
0.03,85,1018.7,0,0,40.61,322.93,21.355186,164.09888,43.892087
0.99,85,1018.2,0,0,40.76,335.47,15.883609,180.07755,68.468864
1.78,74,1017.7,0,0,41.32,341.72,21.435635,196.05492,44.855
2.18,74,1018.3,0,0,40.9,343.64,33.093417,210.88991,26.84328
2.64,72,1018.5,0,0,39.3,351.57,46.453577,224.0033,21.373333
2.73,73,1018.1,0,0,39.25,358.42,60.192626,235.34236,9.8601908
-2.99,94,1027.7,0,0.07,15.58,353.37,60.221244,124.52181,39.840833
-3.27,96,1028.5,0,0,14.76,360,46.343508,135.95831,193.89462
-2.62,90,1029.9,0,0,14.41,12.99,32.94899,149.09564,674.70417
-1.26,83,1029.4,0,0,18.68,25.08,21.285403,163.89503,1512.4509
-0.13,79,1029.2,0,0,23.83,26.95,15.660676,180.00632,2386.7665
2.33,64,1027.9,0,0,21.63,18.43,21.230043,196.04466,1902.4103
3.12,59,1027.2,0,0,22.55,16.7,32.943347,210.9328,1494.7838
3.52,54,1027,0,0,22.18,13.13,46.340854,224.08532,507.36284
3.58,54,1027,0,0,22.51,7.35,60.107916,235.45124,112.26474
3.17,56,1026.9,0,0,22.01,3.75,107.42,215.01312,26.661348
-2.86,68,1032.4,0,0,5.4,360,60.256318,124.31812,480.965
-2.79,70,1032.2,0,0,5.86,349.38,46.348278,135.7684,1610.4259
-0.48,62,1031.9,0,0,9.72,360,32.908601,148.9297,2332.3159
0.86,54,1032.8,0,0,15.63,14.68,21.111896,163.84708,2664.7049
2.62,45,1031.7,0,0,18.67,19.13,15.432475,179.93814,2899.872
3.86,47,1031,0,0,20.61,27.01,21.023016,196.03911,2822.5761
5.02,44,1030.6,0,0,21.43,29.15,32.737846,210.9194,2520.3628
5.72,44,1030.7,0,0,21.41,27,46.230416,224.17356,1566.4214
5.68,48,1029.7,0,0,19.67,23.75,60.025904,235.56645,232.96167
5.14,55,1030,0,0,16.85,19.98,107.50654,215.01028,34.047386
-3.08,96,1035.7,0,0,5.4,360,60.288403,124.11262,451.43028
-3.9,100,1036.9,0,0,4.74,8.75,46.349846,135.57732,457.51195
-1.45,75,1036.7,0,0,7.79,33.69,32.864753,148.7636,2283.9918
0.9,50,1035.2,0,0,11.11,24.9,20.983902,163.72313,2709.7533
2.45,44,1034.6,0,0,15.46,24.78,15.19911,179.87309,2898.309
4.01,45,1033.4,0,0,19.48,16.09,20.814784,196.03833,2839.5309
4.94,40,1032.5,0,0,21.13,13.8,32.647237,211.03592,2517.6672
5.6,38,1032.2,0,0,22.01,15.17,46.126298,224.27123,1643.3694
5.72,38,1031.7,0,0,22.7,14.7,60.063468,235.77953,240.32569
5.23,40,1030.9,0,0,20.62,12.09,107.59409,215.01105,12.823696
0.22,34,1031.9,0,0,11.53,345.53,60.317494,123.90539,622.10833
0.63,37,1032.3,0,0,10.74,346.43,46.348249,135.38514,1555.0839
3.36,35,1032.1,0,0,9.69,344.93,32.817529,148.59741,2207.8295
4.66,31,1032.2,0,0,11.88,360,20.851847,163.60056,2033.3861
5.7,31,1031.4,0,0,13.63,12.2,14.96069,179.81123,1495.0268
6.77,51,1030.7,0,0,14.78,2.79,20.605587,196.04239,1601.2917
7.57,51,1030.4,0,0,16.6,3.73,32.501613,211.09624,1587.797
7.9,49,1030.5,0,0,17.02,6.07,46.017,224.36879,900.9568
7.61,52,1029.5,0,0,17.06,7.28,59.870431,235.81581,175.41141
6.84,55,1030.3,0,0,15.68,9.25,107.68261,215.01532,25.198679
-0.22,97,1032.8,0,0,0.36,180,60.343597,123.69653,65.334722
0.4,94,1033.1,0,0,1.3,326.31,46.343532,135.19193,128.55614
1.97,88,1032.9,0,0,5.86,42.51,32.767024,148.43117,213.53037
3.69,78,1032,0,0,10.23,39.29,20.715871,163.47942,529.23609
5.35,71,1031.2,0,0,12.77,21.5,14.717325,179.75263,801.21361
7.23,65,1030.5,0,0,16.6,24.34,20.395668,196.05134,1120.3043
8.01,64,1029.9,0,0,18.46,20.56,32.357883,211.16246,522.36722
8.15,64,1030.1,0,0,21.53,20.56,45.91431,224.47579,694.42378
7.73,65,1028.8,0,0,20.43,14.28,59.797177,235.94993,197.23395
6.98,69,1028.6,0,0,19.88,5.19,107.77202,215.023,29.081699
-2.11,97,1031,0,0,4.68,247.38,60.366723,123.48612,600.64111
-1.73,91,1030.6,0,0,4.21,289.98,46.335747,134.99776,1563.6986
2.06,75,1030.4,0,0,6.73,344.48,32.713338,148.26495,2254.5837
4.49,63,1029.2,0,0,12.62,356.73,20.576122,163.35977,2634.1726
5.72,51,1028.1,0,0,14.78,357.21,14.469131,179.69734,2805.2676
6.46,64,1027.4,0,0,15.33,350.54,20.185275,196.06522,2768.1883
7.7,50,1026.4,0,0,15.54,346.61,32.216246,211.23459,2471.2245
8.44,49,1025.7,0,0,16.52,348.69,45.814478,224.58904,1233.002
8.25,53,1025.1,0,0,20.01,351.72,59.727037,236.09029,279.1891
7.62,58,1025,0,0,20.77,351.03,107.86229,215.03395,44.6431
3.41,89,1021.2,0,0,18.12,290.96,60.386895,123.27422,469.03596
4.89,78,1019.7,0,0,21.19,290.9,46.319282,134.80919,1433.8985
6.01,71,1019,0,0,24.54,292.43,32.656581,148.09878,1932.6989
7.08,57,1018,0,0,27.24,299.28,20.432759,163.24165,1754.4959
8.39,47,1016.6,0,0,31.45,303.33,14.216229,179.64539,612.54616
9.78,41,1014.7,0,0,31.56,295.69,19.974663,196.08408,115.7372
10.82,54,1013.4,0,0,33.65,296.02,32.0769,211.31266,209.28936
11.48,58,1012,0,0,37.36,295.08,45.717632,224.70855,178.17393
11.4,67,1011,0,0,43.39,292.95,59.660096,236.23686,240.54478
10.43,75,1010.4,0,0,46.06,291.55,121.4087,247.49936,3.9839181
6.23,87,1003.4,0,0,43.73,292.77,60.40414,123.0609,212.73694
6.5,85,1003,0,0,45.46,290.87,46.311223,134.60677,928.17262
7.27,80,1002.8,0,0,47.66,291.72,32.596869,147.93271,814.1026
8.06,77,1002.1,0,0,48.6,292.2,20.285948,163.12509,1170.5806
8.78,74,1001.3,0,0,48.94,296.19,13.958742,179.59682,751.5643
10.41,81,1001.9,0.1,0,47.52,294.62,19.764091,196.10794,258.036
11.15,78,1000.9,0.1,0,47.23,293.83,32.048902,211.5193,77.371552
11.65,77,1000.3,0.2,0,43.86,290.67,45.735938,224.93703,151.54448
11.42,81,999.2,0,0,43.12,292.07,59.706246,236.4755,3.274586
10.83,82,998.3,0,0,42.05,291.07,108.04516,215.06522,5.625
2.12,90,997.5,0.8,0.63,36.93,316.97,60.418493,122.84624,365.87528
1.28,91,998.5,0.3,0.21,36.74,318.97,46.294625,134.41003,1020.2754
1.12,90,1000.9,0,0.28,35.97,318.65,32.534323,147.76675,2046.7212
1.02,87,1001.9,0,0.21,37.97,317.69,20.135863,163.01011,1770.4435
1.07,84,1002.3,0,0.07,38.72,317.26,13.6968,179.55167,1479.5331
1.86,74,1002.7,0,0.07,39.46,324.28,19.553826,196.13685,1197.0767
2.35,74,1003.7,0.1,0.14,40.35,325.18,31.80585,211.48668,1779.7003
1.9,72,1004.8,0.2,0.14,41.35,324.93,45.533375,224.96626,2084.9414
1.83,70,1004.8,0.2,0.14,39.6,323.13,59.507561,236.5258,366.52784
1.31,69,1005.6,0.1,0.07,39.19,321.34,121.63592,247.69716,37.264069
-3.58,93,1016.7,0,0,40.78,312.14,60.429995,122.63029,612.4965
-3.44,92,1016.8,0,0,41.86,310.82,46.275239,134.21253,1516.1773
-2.04,89,1017.6,0,0,45.36,312.43,32.469073,147.60095,2128.6253
-0.62,81,1017,0,0,49.55,319.71,19.982686,162.89674,2607.9262
0.15,78,1016.6,0,0,53.03,325.23,13.430535,179.50996,2741.3694
1.62,61,1017.6,0,0,48.14,332.86,19.317454,196.12655,1843.9107
3.29,51,1016.7,0,0,48.31,332.48,31.674525,211.58263,1555.8217
3.43,53,1016.4,0,0,45.83,327.18,45.432519,225.09076,1418.3475
2.82,58,1016.6,0,0,44.83,325.8,59.479207,236.71346,325.89532
0.03,86,1014.9,0.3,0,31,282.75,60.438692,122.4131,109.07939
-0.02,86,1013.9,0.3,0,29.96,274.13,46.253147,134.0143,232.56139
1.44,79,1013.6,0.3,0,32.43,272.54,32.40125,147.43533,696.74
2.38,72,1012.4,0.1,0,37.81,268.91,19.826606,162.785,424.49561
2.74,73,1010.6,0,0,45.74,268.2,13.160088,179.47171,162.37921
2.88,82,1008.8,0.3,0.14,49.76,250.12,19.135323,196.20988,1199.4147
4.52,75,1007,0.4,0,52.97,260.22,31.479666,211.6126,344.17139
3.51,81,1006.8,0.2,0,51.84,270,45.362445,225.24875,662.075
4.82,77,1005.3,0.3,0,47.47,276.53,59.532164,236.96753,136.57458
5.33,76,1004.8,0,0,48.47,285.07,108.32456,215.13356,38.921569
-0.67,93,1007.9,0.1,0.21,40.93,320.71,60.444631,122.19472,214.66867
-0.78,93,1008.1,0,0.21,39.22,316.49,46.228438,133.81536,435.98026
-0.22,87,1008.3,0,0.28,39.71,315,32.330991,147.26989,540.26354
0.54,82,1008.1,0,0.07,38.95,313.88,19.667821,162.6749,609.03444
1.41,81,1007.8,0,0,38.2,313.47,12.885606,179.43696,1231.1073
3.11,83,1004.3,0.1,0.14,37.92,289.98,18.92766,196.25404,1338.748
3.79,80,1003.3,0,0.07,40.35,285.52,31.421212,211.79247,1533.5819
4.08,80,1003,0,0,42.35,284.27,45.282242,225.39924,274.12224
3.5,82,1001.6,0,0.14,44.4,288.43,59.375875,237.06142,209.04958
-4.33,92,1010.1,0,0,54.4,346.61,32.258436,147.10466,61.186944
-2.87,87,1009.8,0,0,61.18,353.92,19.506537,162.56645,37.113781
-2.28,83,1009.6,0.1,0,59.89,356.21,12.60724,179.4057,44.916886
-1.54,70,1010.7,0.1,0,53.46,8.13,18.721458,196.30333,63.474352
-0.75,65,1011.2,0.1,0,55.92,11.89,30.544968,211.10917,11.048742
-1.28,66,1011.8,0,0,55.63,15.39,45.161802,225.53255,3.5764493
-3.39,93,1020.5,0,0.21,45.32,353.16,32.183729,146.93965,0.009444444
-2,83,1020,0,0,48.97,0.84,12.325154,179.37797,199.56072
-1.15,72,1020.7,0,0,50.06,7.02,18.517028,196.35775,621.0319
-0.47,63,1020.4,0,0,47.2,7.45,31.181577,212.02621,1270.4655
0.44,54,1020.1,0,0,52.32,10.3,45.132854,225.71852,378.96399
0.35,55,1019.2,0,0,49.07,3.79,59.406217,237.52286,155.8639
0.36,55,1018.9,0,0,49.35,2.09,71.2682,246.27917,16.274753
-4.02,92,1017.4,0.1,0.28,38.98,338.89,60.56588,121.44417,60.412381
-3.82,92,1018.1,0.1,0.21,34.86,343.81,46.139505,133.21466,213.16447
-3.09,91,1018.8,0.1,0.21,32.14,4.5,32.107017,146.77487,411.75982
-2.66,77,1018.7,0,0.07,27.61,12.04,19.17733,162.35456,946.81661
-1.64,62,1018.1,0,0,29.66,10.49,12.039518,179.35378,770.66778
-4.53,93,1021,0.4,0.21,28.45,1.45,60.561577,121.22141,0.22459016
-3.84,92,1021.3,0.3,0.28,32.56,5.71,46.087246,133.03046,65.507917
-3.47,87,1021.4,0.2,0.14,32.36,25.71,32.028452,146.61033,69.335871
-2.61,75,1021.7,0.1,0,29.52,30,19.009858,162.25112,179.29113
-1.77,70,1022,0,0,28.26,34.09,11.750513,179.33314,509.22694
-0.1,64,1020.2,0,0,30.93,39.81,18.114796,196.48209,426.59295
0.41,60,1019.8,0,0,29.55,43.03,30.957074,212.2838,411.4492
0.89,57,1020.5,0,0,25.96,45,44.99878,226.06199,267.54383
1.19,56,1020,0,0,21.39,46.36,59.332379,237.91803,63.384136
1.16,57,1020,0,0,15.99,54.16,70.202751,245.95534,0.16192283
-5.05,86,1029.5,0,0,0.8,206.57,60.554806,120.9977,132.23905
-4.29,83,1030,0,0,2.41,243.43,46.068839,132.8112,205.54818
0.07,63,1029.3,0,0,3.55,293.96,31.948186,146.44604,315.97245
1.43,54,1027.4,0,0,10.85,354.29,18.840791,162.14937,552.13038
1.9,49,1027.4,0,0,19.11,3.24,11.458332,179.31607,492.32998
1.93,60,1026.6,0,0,19.49,25.14,17.917675,196.55202,552.04514
3.28,58,1025.6,0,0,20.01,30.26,30.850943,212.42152,408.28072
3.9,59,1025.3,0,0,21.37,32.62,44.937703,226.2427,263.97289
3.74,64,1024.5,0,0,22.07,28.24,59.301071,238.12414,101.51705
3.17,69,1024.9,0,0,24.34,29.22,70.311995,246.25855,0.36510417
-4.38,71,1029.7,0,0,21.79,157.67,60.545635,120.77307,760.53663
-2.93,80,1029,0,0,28.41,157.66,46.030393,132.60863,1800.9321
-0.72,83,1029.1,0,0,33.25,160.39,31.866378,146.28199,2446.9025
0.85,73,1028,0,0,35.57,158.63,18.670376,162.04929,2848.8113
2.27,68,1026.9,0,0,34.65,156.1,11.163179,179.30256,3042.2762
4.24,55,1024.3,0,0,37.87,155.87,17.72369,196.62714,2976.7425
4.91,53,1023.9,0,0,37.04,154.68,30.749122,212.56517,2661.2573
4.9,54,1023.8,0,0,38.32,153.19,44.880709,226.42934,2012.8759
4.85,59,1023.9,0,0,36.39,152.93,59.273549,238.33586,419.42047
4.86,61,1023.9,0,0,34.95,155.02,71.941767,247.64848,32.106884
-2.78,92,1026.8,0.2,0,39.96,161.08,60.534132,120.54755,37.861475
-2.17,88,1027.2,0.1,0,40.64,161.4,45.990011,132.40552,119.46945
-0.79,79,1026.7,0.1,0,42.92,161.41,31.783186,146.1182,354.87786
0.54,74,1026.1,0,0,41.9,162.5,18.498871,161.9509,1608.7156
2.17,68,1024.9,0,0,39.05,161.73,10.865273,179.29264,1798.4442
4.07,70,1024.5,0,0,35.94,169.03,17.533211,196.70746,2201.482
5.04,65,1023.6,0,0,33.04,168.69,30.651784,212.71474,2514.8261
5.76,62,1022.6,0,0,30.74,166.45,44.827873,226.62186,1983.4115
6.22,60,1022,0,0,28.83,164.05,59.249843,238.5531,454.60693
6.11,60,1021.9,0,0,27.32,161.57,71.715273,247.71468,38.520397
0.71,92,1022.8,0.1,0,22.61,170.84,60.520368,120.3212,306.21257
1.46,87,1022.6,0.1,0,23.98,172.23,45.947799,132.2019,810.41608
2.79,81,1022.1,0,0,25.46,171.87,31.698771,145.95465,1653.5456
3.97,76,1021.7,0,0,26.12,172.87,18.326542,161.85418,2594.6142
5.03,72,1020.8,0,0,25.62,175.97,10.564848,179.2863,2495.5364
4.71,72,1020.7,0,0,18.25,165.14,17.346619,196.79298,2034.5494
4.88,70,1020.4,0,0,16.85,160.02,30.559094,212.87022,349.33594
5.12,68,1019.3,0,0,15.73,164.05,44.779269,226.82022,508.95105
5.66,67,1019.6,0,0,15.28,164.98,59.229979,238.7758,81.15272
-1.2,95,1021.8,0,0,10.11,184.09,60.504413,120.09403,524.29145
0.28,92,1022.3,0,0,10.46,183.95,45.903862,131.99778,1511.2741
3.02,79,1020.3,0,0,8.65,196.93,31.613296,145.79136,2160.7512
5.11,71,1019.9,0,0,3.83,221.19,18.153666,161.75915,2625.0994
6.62,64,1019.5,0,0,2.41,206.57,10.262157,179.28357,2183.5018
8.43,55,1019.2,0,0,12.62,183.27,17.164309,196.88371,1644.59
8.64,57,1018.5,0,0,7.42,165.96,30.47122,213.03158,532.01389
9.8,55,1018.8,0,0,2.62,164.05,44.734969,227.02437,149.70222
9.69,54,1018.4,0,0,1.61,296.57,59.213982,239.00388,12.351344
8.38,55,1017.9,0,0,5,300.26,71.143495,247.77644,1.2752137
0.08,96,1024.9,0,0,5.59,165.07,60.48634,119.8661,718.82787
-0.15,93,1024.9,0,0,7.9,210.07,45.858307,131.79317,1726.4683
3.26,74,1024.1,0,0,6.29,256.76,31.526925,145.62832,2344.2967
5.63,64,1022.9,0,0,8.67,274.76,17.980527,161.66579,2748.0358
7.25,56,1021.1,0,0,15.55,275.31,9.957474,179.28444,2909.5366
8.42,53,1021,0,0,21.19,279.78,16.986686,196.97967,2774.0572
8.94,49,1020.1,0,0,23.75,284.04,30.388322,213.19882,2125.9102
8.85,45,1019.8,0,0,24.37,282.8,44.695039,227.23425,650.15667
8.65,50,1020.4,0,0,23.66,283.19,59.201875,239.23726,89.000525
8.12,54,1020.3,0,0,23.58,282.34,71.336983,248.1504,1.1058824
-0.4,95,1022.3,0,0,22.17,302.4,60.466218,119.63743,380.55369
3.02,71,1021.3,0,0,20.27,303.41,45.811238,131.58809,963.70243
4.93,57,1021.8,0,0,21.87,302.91,31.439818,145.46554,734.79313
6.69,55,1020.4,0,0,21.65,312.98,17.886811,161.46441,785.81806
8.38,50,1019,0,0,18.4,300.58,9.6510943,179.28894,1011.2157
8.72,60,1018.1,0,0,21.86,287.24,16.814173,197.08085,943.20981
9.14,61,1016.7,0,0,21.54,279.62,30.310562,213.37192,704.87833
10.14,55,1016.1,0,0,23.93,285.71,44.546854,227.35129,298.18582
9.84,57,1015.2,0,0,28.15,290.98,59.19368,239.47587,91.135834
9.16,61,1015.4,0,0,29.95,295.64,71.168361,248.27367,84.115943
4.41,91,1012.8,0.2,0,28.77,315.51,60.444115,119.40808,222.8959
4.8,89,1013.3,0.1,0,28.02,317.08,45.762758,131.38256,495.7582
5.29,86,1014.4,0,0,28.04,318.12,31.352136,145.30302,513.90689
5.76,82,1014.6,0,0,28.55,318.07,17.634639,161.48411,637.55228
6.35,80,1014,0,0,27.8,318.67,9.3433409,179.29707,641.52067
7.29,79,1014.8,0.1,0,26.96,325.89,16.647204,197.18729,1730.8477
7.37,81,1014.7,0.1,0,24.41,322.79,30.238099,213.55085,2107.1092
8.52,73,1014.1,0.1,0,25.08,320.83,44.628559,227.67104,294.9493
8.79,72,1014.3,0,0,24.99,318.5,59.189419,239.71964,49.494442
8.74,71,1015,0,0,24.72,317.95,71.18563,248.52947,3.2892303
2.93,94,1021.2,0,0,9,323.13,60.420097,119.17807,20.289321
3.23,91,1021.5,0,0,9.09,326.31,45.712965,131.17662,119.6423
4.31,85,1022.2,0,0,10.25,341.57,31.264039,145.14076,202.60269
4.67,85,1022,0,0,12.32,353.29,17.462499,161.3958,213.51918
4.86,85,1021.7,0,0,13.32,360,9.0345661,179.30886,325.59282
5.15,78,1023,0,0,15.27,351.87,16.486225,197.29898,689.46341
6.12,72,1021.9,0,0,14.56,351.47,30.171091,213.73562,455.77683
7.2,65,1021.1,0,0,14.35,342.47,44.530209,227.83351,1116.084
8,59,1020.4,0,0,13.44,339.62,59.189113,239.96848,188.75389
7.65,58,1019.7,0,0,15.32,336.45,71.206166,248.78993,7.3594994
-1.3,94,1030.5,0.1,0.49,36.45,20.22,45.661957,130.97027,16.747443
-0.05,88,1031.2,0,0.35,40.9,27.24,31.175681,144.97879,747.95484
1.07,79,1031.4,0,0,45.23,33.31,17.291314,161.3092,896.17405
2.05,74,1030.6,0,0,48.13,34.64,8.7251556,179.32433,1299.9747
3.5,66,1030.4,0,0,52.78,36.4,16.331693,197.41596,2501.3443
3.93,61,1030.7,0,0,53.07,36.17,30.109689,213.92621,2067.4558
4.53,60,1030.5,0,0,52.07,37.98,44.58035,228.1302,402.96303
4.39,62,1030.4,0,0,49.93,38.85,59.192783,240.22232,31.680455
4.17,64,1031.3,0,0,47.02,37.22,73.01505,250.30829,6.7550505
-2.92,95,1036.6,0,0,11.54,3.58,60.366572,118.71627,81.04899
-2.79,94,1037.3,0,0,7.99,352.23,45.570663,130.7992,214.27725
1.66,68,1036.7,0,0,4.21,340.02,31.087218,144.81711,388.70286
6.84,51,1035.1,0,0,0.72,360,17.12141,161.22432,503.07919
7.41,51,1034.1,0,0,5.12,129.29,8.4155326,179.34351,428.09654
5.64,48,1033.1,0,0,7.7,52.59,16.184077,197.53824,650.36148
2.89,66,1032.8,0,0,8.64,90,30.054042,214.1226,751.18134
1.22,92,1034,0.4,0.49,6.95,111.25,44.563251,228.36805,715.04669
2.12,90,1032.8,0.5,0.63,10.32,119.25,59.200449,240.48109,245.03425
3.47,80,1031.5,0.2,0,14.02,119.2,73.116679,250.62786,21.344653
-1.56,95,1034.9,0,0,16.62,175.03,60.337189,118.48457,729.90932
0.47,88,1034.3,0,0,14.83,174.43,45.556679,130.55647,1783.8262
3.92,71,1034,0,0,17.73,167.09,30.998803,144.65573,2390.095
5.24,63,1032.5,0,0,19.05,157.8,16.953118,161.14116,2804.8013
6.5,58,1030.7,0,0,16.42,154,8.1061629,179.36642,2961.926
8.18,50,1029.4,0,0,11.28,163.3,16.043847,197.66585,2867.343
9.02,48,1028.8,0,0,5.19,146.31,30.004293,214.32479,2584.3651
9.74,46,1027.4,0,0,3.6,53.13,44.550898,228.61135,2118.8114
10.08,46,1026.4,0,0,8.53,27.65,59.212126,240.74472,680.90394
9.88,50,1025.8,0,0,10.38,33.69,73.202753,250.93777,50.614814
0.51,85,1025.7,0,0,8.67,221.63,60.306144,118.25238,564.36012
3.07,77,1024.9,0,0,7.15,220.91,45.502596,130.34906,538.48395
6.21,66,1023.7,0,0,6.64,257.47,30.910589,144.49465,946.53167
7.87,59,1022.1,0,0,11.28,286.7,16.786784,161.05974,1643.1462
7.74,58,1021.3,0,0,15.46,294.78,7.7975623,179.3931,1484.1412
8.21,47,1020.1,0,0,18.51,296.57,15.911479,197.79881,1133.0727
7.62,52,1019.6,0,0,16.92,293.84,29.960574,214.53277,433.32806
7.49,53,1018.9,0,0,14.49,284.38,44.54334,228.86004,320.20786
7.85,53,1017.7,0,0,13,274.76,59.227825,241.01311,220.395
8.09,52,1016.6,0,0,13.85,294.57,70.958149,249.62314,0.26018519
1.79,95,1012.9,0,0,24.37,347.2,60.273501,118.01975,319.17873
1.54,91,1013.4,0,0,23.8,342.39,45.447681,130.14134,776.38526
2.22,79,1014.3,0,0,24.27,339.15,30.822731,144.3339,1343.0145
3.6,69,1014,0,0,31.14,349.34,16.622763,160.98007,2648.7486
3.99,66,1013.5,0,0,32.2,349.7,7.4903049,179.42355,2977.094
6.8,61,1011.7,0,0,34.88,348.69,15.787446,197.93713,2955.7583
7.08,51,1010.8,0,0,35.87,349.59,29.923007,214.74652,2161.0413
6.69,51,1011.3,0,0,36.16,347.35,44.540618,229.11408,2151.0257
7.05,49,1011.4,0,0,38.27,348.06,59.247552,241.2862,782.56749
6.34,50,1011.6,0,0,36.22,349.7,73.759823,251.83404,56.482041
5.74,52,1012.1,0,0,35.1,349.96,110.15015,215.95507,299.88492
-2.85,92,1018.9,0,0,34.17,343.47,60.116696,117.87772,806.81349
-1.8,85,1019.5,0,0,32.91,340.18,45.392031,129.93332,1810.5113
0.21,72,1019.6,0,0,30.17,342.65,30.73539,144.17345,2434.8074
2.31,60,1019.3,0,0,29.43,345.11,16.461426,160.90215,2795.9993
3.99,50,1019.3,0,0,28.59,343.16,7.185034,179.4578,2949.8806
6.68,59,1017.1,0,0,29.08,338.2,15.672217,198.08084,2881.9097
7.82,57,1016.7,0,0,28.66,334.72,29.891703,214.96602,1416.0774
8.77,57,1016.6,0,0,27.37,333.43,44.542764,229.37341,424.62465
8.74,61,1016.1,0,0,25.46,331.26,59.271303,241.5639,97.651824
8.18,68,1016.3,0,0,23.28,320.65,70.705885,249.96227,0.063131313
2.26,99,1018,0,0,18.72,292.62,60.203709,117.55327,66.971355
3.6,87,1018.1,0,0,21.42,294.84,45.335752,129.72501,247.67075
5.79,77,1017.5,0,0,21.9,297.41,30.648726,144.01332,329.8208
7.93,71,1016.2,0,0,23.07,304.19,16.303157,160.82597,738.98194
9.31,66,1015.6,0,0,26.67,301.76,6.8824735,179.49587,1851.771
10.18,70,1015.8,0,0,29.35,293.11,15.566252,198.22994,1015.2933
10.6,70,1015,0,0,28.04,294.26,29.866758,215.19125,219.2571
9.65,74,1014.9,0,0,28.75,292.07,44.549801,229.63796,1059.0576
9.69,69,1014.4,0,0,31.77,289.87,59.29907,241.84613,794.39164
9.59,66,1014.2,0,0,35.23,291.58,73.85743,252.41428,44.838407
7.68,71,1015.1,0,0,37.48,301.25,110.33865,216.06231,317.83056
-1.29,91,1027.5,0,0,36.16,316.61,59.983288,117.45692,687.91423
-0.96,92,1027.4,0,0,37.17,315,45.278953,129.51642,1602.8818
0.74,80,1028.2,0,0,38.75,318.01,30.562906,143.85347,1379.7537
1.93,74,1028.5,0,0,38.86,320.26,16.148358,160.75152,1215.9592
3.57,68,1027.4,0,0,39.82,322.72,6.5834417,179.53775,479.02023
4.12,62,1028,0,0,39.19,321.34,15.469998,198.38442,1395.4672
4.51,60,1027.5,0,0,38.12,320.75,29.848256,215.42217,1448.713
5.79,57,1027.3,0,0,40.57,318.96,44.561741,229.90767,323.25818
5.42,59,1027.4,0,0,40.35,325.18,59.330832,242.13278,198.86434
4.65,62,1027.8,0,0,38.9,329.4,73.790859,252.62682,43.092302
-1.34,94,1035.1,0,0,31.34,317.33,60.128428,117.08532,88.496643
-0.19,87,1034.9,0,0,32.6,316.79,45.221747,129.30753,289.35083
1.33,81,1034.1,0,0,32.62,317.68,30.478102,143.69391,659.44101
3.01,74,1034.5,0,0,32.35,317.25,15.997445,160.67879,750.74442
4.53,70,1033.6,0,0,32.62,317.68,6.2888674,179.58345,1409.4254
7.07,67,1029.9,0,0,38.53,336.31,15.383884,198.54429,1964.5812
8.28,59,1029.3,0,0,40.42,340.76,29.836262,215.65873,2458.3645
8.44,61,1029.3,0,0,40.32,339.62,44.578585,230.18245,2154.2716
9.58,55,1027.3,0,0,41.59,343.92,59.366561,242.42376,765.70439
9.39,54,1026.7,0,0,40.08,345.96,72.879973,252.25673,30.36271
1.92,94,1028.7,0,0,18.09,328.84,60.010861,116.90987,168.89293
4.22,87,1028.3,0,0,18.85,331.48,45.164253,129.09833,721.24609
6.87,75,1028.5,0,0,19.05,337.8,30.394488,143.53458,751.95215
8.12,69,1026.3,0,0,22.35,345.07,15.850847,160.60774,2378.8787
9.24,66,1025.8,0,0,22.73,349.05,5.9998092,179.63295,1715.4383
10.8,66,1026.3,0,0,23.71,318.08,15.308315,198.70953,860.72365
11.32,61,1024.9,0,0,27.24,315.54,29.830829,215.9009,832.32777
11.63,60,1024.3,0,0,27.29,323.58,44.600323,230.46222,241.875
11.8,59,1023.8,0,0,27,323.13,59.406219,242.71897,107.38569
11.25,61,1023.1,0,0,28.37,324.29,74.025412,253.31298,44.705959
0.95,95,1027.3,0,0,26.48,7.03,60.048366,116.61602,181.53847
1.51,86,1028.1,0,0,30.09,21.04,45.106593,128.88882,399.22861
1.69,70,1028.8,0,0,27.75,22.91,30.312243,143.37547,1003.2059
2.82,63,1028.3,0,0,28.41,22.34,15.709008,160.53834,1730.1885
3.9,58,1027.7,0,0,27.56,19.86,5.7174805,179.68624,2653.3225
6.46,56,1025.8,0,0,27.76,9.71,15.243673,198.88012,2857.5967
7.28,51,1025.3,0,0,25.05,7.43,29.831993,216.14862,2689.2852
7.86,48,1025.1,0,0,22.37,3.69,44.645792,230.76224,2189.9954
8,47,1024.6,0,0,21.6,359.05,59.449762,243.0183,899.45487
7.52,48,1024.4,0,0,20.53,357.99,74.087082,253.61966,68.438033
7.39,48,1024.5,0,0,21.03,353.12,110.70751,216.27951,83.10049
2.47,62,1027.2,0,0,13.78,303.27,59.8833,116.47269,412.23701
4.1,61,1026.7,0,0,15.91,307.65,45.048895,128.67897,1377.1819
6.63,71,1025.7,0,0,20.81,307.27,30.221172,143.22972,2016.125
8.01,65,1025.8,0,0,21.39,316.36,15.572385,160.47056,1978.0229
9.88,60,1025,0,0,21.99,320.31,5.4464999,179.82428,2559.2473
12.26,54,1023.6,0,0,21.87,327.09,15.190302,199.05603,2767.1597
12.2,55,1023.2,0,0,22.41,316.3,29.839775,216.40182,2061.6401
13.37,58,1023.6,0,0,24.69,314.41,44.658391,231.03639,1623.7999
13.29,62,1022.4,0,0,26.22,315.56,59.497135,243.32163,630.18648
13.01,64,1022.4,0,0,25.5,311.57,74.151536,253.92969,134.7186
12.35,67,1023.1,0,0,24.57,309.05,110.79766,216.3338,288.35628
6.07,89,1025.9,0,0,10.99,301.61,59.840704,116.23733,758.63765
7.43,84,1025.7,0,0,11.81,307.57,44.991287,128.46874,1210.4983
10.23,71,1025.7,0,0,11.81,307.57,30.152587,143.05771,1167.5445
12.88,58,1024.5,0,0,12.6,306.87,15.441442,160.40434,1355.6717
14.75,48,1023.4,0,0,15.07,310.16,5.1788282,179.80409,1745.4971
14.9,51,1023.7,0,0,18.44,321.34,15.148517,199.23724,1377.0492
15.62,51,1022.9,0,0,18.34,316.59,29.854184,216.66045,1995.1997
16.28,52,1022.7,0,0,17.38,309.96,44.694651,231.3306,1535.1652
16.57,53,1022.1,0,0,18.72,307.97,59.548279,243.62886,905.77123
16.1,56,1022.2,0,0,21.39,306.1,74.218732,254.24295,86.759195
14.78,64,1022.7,0,0,21.97,304.99,110.88686,216.38789,144.65972
4.4,84,1026.6,0,0,9.69,254.93,59.797326,116.00161,734.29853
6.79,76,1026.3,0,0,7.34,258.69,44.933901,128.25811,1543.786
11.78,60,1024.9,0,0,7.86,285.95,30.075543,142.89896,2325.0675
14.83,45,1024.2,0,0,13.38,293.81,15.316654,160.33962,2678.9464
16.24,40,1024,0,0,16.61,299.9,4.9260227,179.86858,2850.3126
16.71,50,1023.6,0,0,18.34,316.59,15.118589,199.4237,2484.5189
16.95,51,1023.5,0,0,18.86,318.09,29.875213,216.92444,2129.886
17,49,1023.5,0,0,18.86,318.09,44.796586,231.68366,494.96428
16.58,51,1023.2,0,0,19.37,318.01,59.603128,243.93988,415.2075
15.8,53,1023.1,0,0,18.58,315.78,74.28862,254.55933,56.929919
7.58,99,1024.1,0,0,3.1,215.54,59.877091,115.67333,158.79974
8.37,92,1024.5,0,0,3.1,234.46,44.954645,127.97706,390.1007
10.86,79,1024.5,0,0,2.28,341.57,30.000599,142.74021,745.79267
13.38,68,1023.5,0,0,6.12,360,15.198496,160.27635,1905.4306
14.96,62,1023,0,0,9,360,4.6871001,179.93674,2529.1166
15.81,61,1023.5,0,0,12.61,1.64,15.100744,199.61539,2227.0099
14.62,72,1023.2,0,0,14.11,354.14,29.902845,217.19371,1586.9667
14.77,68,1023.1,0,0,12.3,339.44,44.789944,231.94588,2164.8406
16.19,54,1022.5,0,0,12.66,345.17,59.661611,244.25455,692.53553
15.49,58,1022.1,0,0,14.8,341.57,74.482955,254.96237,89.372797
3.63,92,1030.3,0,0,19.56,12.76,73.681505,105.42855,75.66761
3.14,92,1031.9,0,0,22.35,14.93,59.70866,115.52907,313.16457
3.43,88,1032.6,0,0,23.84,25.02,44.820323,127.83549,713.35139
5.06,80,1033,0,0,23.77,32.01,29.927938,142.58141,1286.2453
6.27,72,1032.9,0,0,21.49,31.29,15.087446,160.21447,1938.8014
7.57,64,1032.4,0,0,21.92,29.51,4.4647319,180.00852,3036.9697
9.1,56,1031.8,0,0,25.32,29.85,15.095165,199.81225,2999.3172
9.81,48,1030.9,0,0,24.15,26.57,29.937049,217.46819,2746.2333
10.16,43,1032,0,0,25.28,28.02,44.831759,232.24054,2275.757
9.69,43,1031.1,0,0,27.11,30.31,59.723652,244.57276,996.76998
8.71,44,1031.7,0,0,27.66,34.93,74.558282,255.28463,110.45111
-3.9,94,1040.4,0,0,13.39,53.75,74.155597,104.83297,12.902924
-4.23,94,1040.7,0,0,11.59,53.84,59.663593,115.2922,206.17519
-2.53,78,1039.2,0,0,12.6,53.13,44.764396,127.62341,798.55111
0.9,55,1038.7,0,0,18.36,48.18,29.857741,142.4225,1915.7382
3.74,42,1036.3,0,0,16.64,51.15,14.98398,160.15391,2849.3513
6.1,38,1033.8,0,0,14.06,50.19,4.2621629,180.08388,3049.4668
7.37,35,1035.5,0,0,22.42,60.14,15.101978,200.01424,3000.4989
8.48,34,1034.1,0,0,21.25,63.87,29.977784,217.7478,2739.6307
9.41,33,1032.7,0,0,19.01,65.38,44.886703,232.55259,2242.1163
9.8,33,1031.9,0,0,18.71,59.98,59.789172,244.89439,998.95833
9.46,34,1032,0,0,20.01,59.74,74.636092,255.60962,123.13811
-0.21,19,1034,0,0,13.7,176.99,74.595199,104.26066,293.74976
0.14,19,1033.9,0,0,13.68,178.49,59.618188,115.05492,952.55831
3.45,23,1033.6,0,0,11.89,181.74,44.709221,127.41077,1766.8851
7.73,22,1032,0,0,13.32,178.45,29.790187,142.2634,2419.4932
10.64,20,1030.2,0,0,13.56,169.29,14.888563,160.0946,2746.9364
12.72,17,1029.8,0,0,14.12,160.64,4.0875217,180.1684,2922.9944
14.14,20,1029.5,0,0,22.38,168.87,15.244918,200.3846,2874.0353
15.06,19,1028.6,0,0,21.19,170.22,30.024997,218.03245,2640.6783
15.71,18,1028.9,0,0,20.67,173,44.94615,232.86884,2193.5643
15.79,18,1028.3,0,0,19.49,175.76,59.858086,245.21932,984.0998
15.37,20,1028,0,0,17.7,175.33,74.716312,255.93721,128.36806
3.02,42,1032.2,0,0,11.21,185.53,74.561315,104.01121,279.15599
3.41,39,1032,0,0,9.57,199.8,59.572554,114.81719,951.87368
5.76,38,1031.7,0,0,6.99,214.51,44.65493,127.19752,1788.1319
9.87,34,1030.3,0,0,2.28,251.57,29.681165,142.15411,2405.8256
13.54,30,1029.6,0,0,7.24,26.57,14.801651,160.03647,2705.2294
14.88,32,1028.7,0,0,11.02,38.37,3.8903824,180.40001,2822.5712
17.26,24,1027.9,0,0,6.3,30.96,15.066657,200.32211,2800.9035
18.15,24,1027.6,0,0,7.15,49.09,30.078623,218.32207,2545.2561
18.76,24,1027.2,0,0,7.9,59.93,45.010024,233.18916,2120.9897
18.99,24,1025.8,0,0,6.83,71.57,59.930307,245.54742,972.16769
18.72,23,1026.2,0,0,5.86,79.38,74.809119,256.27389,140.21872
5.23,62,1027.8,0,0,7.39,226.97,74.526209,103.76167,262.79406
5.38,61,1027.9,0,0,6.64,229.4,59.541531,114.56887,942.49016
8.38,54,1027.8,0,0,3.62,264.29,44.601652,126.98361,1761.0983
13.24,44,1026.8,0,0,6.16,353.29,29.663712,141.94437,2330.1819
14.54,37,1025.9,0,0,12.37,8.37,14.723681,159.97943,2697.1626
15.41,33,1025.4,0,0,16.45,10.08,3.8204094,180.33094,2923.0258
15.93,25,1025,0,0,19.84,11.51,15.19724,200.65048,2888.6197
16.43,24,1024.5,0,0,20.73,20.32,30.138588,218.61655,2617.3262
16.71,23,1023.9,0,0,21.19,20.9,45.078239,233.51344,2146.9767
16.63,24,1023.6,0,0,21.53,20.56,60.005743,245.87856,1074.9995
16.2,26,1023.1,0,0,19.34,24.18,74.864627,256.58624,219.21004
15.18,30,1022.6,0,0,16.1,26.57,85.185592,263.67199,0.996
3.68,60,1027.4,0,0,9.42,223.45,74.490011,103.51203,310.05984
3.87,59,1027.5,0,0,9.93,223.53,59.481056,114.34031,1030.0652
6.93,53,1027.3,0,0,7.93,219.47,44.549519,126.76898,1834.6125
11.5,42,1026.2,0,0,5.19,236.31,29.605133,141.78428,2424.6642
14.39,28,1024.7,0,0,1.44,270,14.655065,159.92342,2605.223
16.39,21,1024.2,0,0,4.1,15.26,3.7553228,180.4201,2909.6684
17.58,19,1024.2,0,0,10.14,353.88,15.253809,200.87246,2774.5503
18.21,19,1023.4,0,0,11.54,356.42,30.204805,218.91581,2511.2375
18.47,20,1023.7,0,0,13.34,356.91,45.150707,233.84157,2140.0965
18.28,22,1023.5,0,0,15.48,358.67,60.0843,246.21261,1071.7122
17.72,22,1023.1,0,0,16.2,1.27,74.970634,256.93429,141.87328
4.41,47,1027.6,0,0,8.89,211.76,74.452852,103.26228,276.98497
4.58,47,1028.4,0,0,9.5,217.3,59.435416,114.10111,1050.2024
7.51,44,1028,0,0,8.21,217.87,44.498659,126.5536,1870.1204
11.7,40,1026.9,0,0,5.62,230.19,29.549884,141.62372,2429.165
15.06,34,1025.9,0,0,0.72,270,14.596189,159.86835,2704.2585
16.48,29,1024.7,0,0,2.19,350.54,3.7667248,180.51258,2771.6524
18.29,25,1024.7,0,0,5.94,14.04,15.322585,201.09931,2766.9008
19.15,25,1024.7,0,0,7.64,8.13,30.277181,219.21976,2574.2355
19.58,25,1024.4,0,0,8.28,360,45.227332,234.17341,2135.084
19.55,26,1023.5,0,0,9.73,357.88,60.16588,246.54945,1018.289
19.08,27,1023.8,0,0,10.82,356.19,75.059675,257.27098,155.41676
4.4,71,1028.3,0,0,7.7,217.41,74.414855,103.01241,295.74341
4.4,69,1029,0,0,8.59,213.02,59.389997,113.86137,1032.6548
7.51,59,1028.8,0,0,6.61,209.36,44.449197,126.3374,1820.7111
11.72,48,1027.4,0,0,1.48,194.04,29.498123,141.46259,2355.2314
14.42,38,1026.3,0,0,1.8,360,14.547402,159.81414,2666.7428
16.2,33,1026.1,0,0,4.69,4.4,3.849398,180.60831,2820.1406
17.27,26,1024.7,0,0,10.85,354.29,15.403369,201.33094,2791.1566
18.03,24,1024.4,0,0,11.18,356.31,30.355612,219.52829,2574.2649
18.43,24,1024,0,0,10.45,1.97,45.308018,234.50885,1970.0668
18.45,24,1023.2,0,0,10.11,4.09,60.250383,246.88895,890.54546
18.12,24,1023.1,0,0,9.01,2.29,75.150699,257.60962,201.97139
17.24,27,1023.4,0,0,7.57,2.73,85.041882,264.3594,3.1634921
4.92,51,1023.8,0,0,10.23,219.29,74.252706,102.84638,316.75294
5.13,51,1023.8,0,0,9.79,216.03,59.344908,113.62107,1119.0581
8.26,47,1022.3,0,0,7.59,211.43,44.401257,126.12035,1684.25
12.72,40,1022.3,0,0,5.01,248.96,29.450006,141.30083,2025.6491
15.51,33,1020.5,0,0,5.86,312.51,14.50901,159.7607,2449.8276
17.08,27,1019.4,0,0,8.09,327.72,3.9787206,180.70723,2696.244
17.36,29,1020.7,0,0,11.73,342.12,15.495919,201.5673,2719.7232
17.94,29,1019.7,0,0,12.88,333.43,30.439986,219.84131,2363.8079
17.96,30,1019.2,0,0,13.89,328.78,45.392663,234.84776,1622.7733
17.8,31,1018.9,0,0,15.19,323.67,60.337709,247.23097,919.99007
17.09,34,1019.3,0,0,17.21,322.65,75.283394,257.97696,170.47789
15.59,35,1019.4,0,0,18.29,323.81,84.6828,264.37342,0.42124183
4,94,1024.7,0,0,20.8,23.46,74.089689,102.68037,13.023446
3.85,93,1025.2,0,0,21.58,27.85,59.300255,113.38017,80.849335
4.53,88,1025.6,0,0,23.04,28.97,44.354955,125.90238,149.22339
5.08,82,1026.1,0,0,23.66,33.21,29.405678,141.13835,327.36518
7.03,71,1024.8,0,0,25.13,38.02,14.481273,159.70794,716.79222
8.44,63,1024.1,0,0,21.71,40.29,4.1442438,180.80928,343.72481
-4.84,87,1029,0,0,7.92,360,74.173373,102.34609,373.094
-3.96,88,1028.5,0,0,6.15,339.44,59.25614,113.13866,1187.4758
-1.06,72,1028.4,0,0,13.72,4.51,44.310406,125.68345,1987.7126
0.72,59,1028.9,0,0,19.24,17.42,29.365277,140.97508,2530.0079
2.32,52,1026.2,0,0,19.97,27.95,14.464402,159.6558,2894.8564
4.23,45,1026,0,0,18.17,33.69,4.3393921,180.91441,3056.7941
6.04,40,1024.6,0,0,22.22,40.4,15.715145,202.05396,2997.9068
6.96,35,1022.5,0,0,21.76,38.96,30.626087,220.4804,2742.1568
7.71,34,1022.6,0,0,21.27,33.96,45.57342,235.53551,2261.1239
7.76,35,1021.6,0,0,21.79,30.8,60.520427,247.92204,1191.2775
7.47,38,1021.4,0,0,21.37,32.62,75.434737,258.63592,187.58972
6.75,41,1021.6,0,0,19.97,33.98,85.721107,265.63092,1.6152778
-4.58,95,1024.9,0,0,4.9,233.97,84.830322,94.837679,4.1297112
-4.35,94,1024.9,0,0,4.39,214.99,74.133099,102.09574,359.65066
-2.81,82,1025,0,0,1.94,201.8,59.212658,112.89653,928.4873
2.62,60,1023.3,0,0,0.8,153.43,44.267714,125.46353,1368.7558
2.91,53,1022.3,0,0,10.51,51.95,29.328928,140.81096,1027.2717
3.49,46,1020.3,0,0,16.78,35.39,14.458547,159.60418,1031.5255
4.71,45,1018.7,0,0,18.04,28.61,4.5854296,180.98819,1008.4002
6.17,47,1018.6,0,0,15.27,8.13,15.841155,202.30412,1991.6894
6.73,45,1018.6,0,0,15.27,8.13,30.727565,220.80628,1378.1712
6.86,43,1017.3,0,0,15.63,7.94,45.669323,235.88409,498.44188
6.36,44,1016.9,0,0,14.51,7.13,60.61562,248.27084,100.45392
6.36,43,1016.9,0,0,14.11,5.86,75.602098,259.02835,12.821569
-2.7,87,1020.3,0,0,9.03,184.57,85.277651,94.258196,2.1010436
-2.84,87,1019.4,0,0,9.37,182.2,74.092551,101.84525,341.86061
-2.17,83,1020.5,0,0,10.14,186.12,59.1699,112.65377,1201.3055
2.06,63,1019.6,0,0,10.54,172.15,44.226978,125.24258,1957.4223
5.05,51,1017.7,0,0,11.17,159.23,29.408181,140.51458,2528.7962
6.77,44,1016.7,0,0,12.3,159.44,14.217778,159.88841,2848.1827
8.16,39,1016.7,0,0,14.24,163.86,4.8005218,181.13366,2952.9333
8.53,33,1016.6,0,0,7.42,157.17,15.977612,202.55876,2915.0436
9.29,33,1015.8,0,0,11.73,162.12,30.834489,221.13622,2651.5866
9.87,32,1015.5,0,0,14.49,165.62,45.768773,236.23563,2153.0843
10.03,33,1014.6,0,0,15.82,168.18,60.71324,248.62163,1179.0811
9.79,34,1014.6,0,0,17.23,169.16,75.632314,259.32746,213.97641
9.08,36,1015.1,0,0,17.23,169.16,85.944587,266.32075,3.7451389
0.44,93,1017.9,0,0,29.72,168.83,74.051822,101.59462,22.180013
0.89,93,1017.9,0,0,29.53,170.88,59.127952,112.41036,159.44572
1.98,88,1017,0,0,30.5,172.54,44.188288,125.02057,343.32086
4.06,76,1017.3,0,0,31.37,170.75,29.26884,140.47986,2283.5726
5.73,70,1015.9,0,0,30.19,171.77,14.480216,159.50224,2445.9668
7.7,63,1014.5,0,0,29.99,175.18,5.0593281,181.24769,1415.1719
10.44,50,1012.5,0,0,24.2,157.25,60.813193,248.97431,95.074551
10.44,48,1012.7,0,0,20.01,149.74,75.733306,259.67505,144.51816
10.23,48,1012.6,0,0,16.87,140.19,85.700915,266.42173,0.68412698
1.04,91,1018.1,0.1,0.14,32.16,158.32,74.010996,101.34388,13.995278
1.34,88,1018.7,0.1,0,25.94,150.95,59.086891,112.16631,40.578889
2.66,81,1018.6,0.1,0,26.9,155.49,44.15173,124.79746,82.954039
4.1,75,1018.5,0,0,28.86,146.71,29.245295,140.31278,159.23395
4.97,71,1018.3,0.1,0,31.58,133.15,14.50776,159.45179,415.38627
5.14,67,1018.8,0,0,26.07,125.45,5.3337756,181.36461,505.88852
4.39,79,1018.9,0.4,0,16.99,126.38,16.280276,203.0813,456.43138
5.73,74,1018.4,0.4,0,14.28,123.69,31.064134,221.80803,463.791
5.25,76,1018.3,0.3,0,15.99,125.84,45.9779,236.94719,126.05724
5.57,75,1016.9,0.2,0,15.26,109.29,60.915386,249.32873,88.117222
6.43,70,1016.7,0.1,0,16.87,101.07,75.835652,260.02369,2.1630428
3.03,92,1015.9,0.1,0,16.2,91.27,73.970154,101.09303,22.253985
4.32,84,1015.7,0,0,19.24,107.42,59.046792,111.92161,200.51778
4.57,79,1015.4,0.3,0,24.93,107.65,44.117378,124.57325,384.36778
5.63,80,1015.5,0.6,0,24.48,90.84,29.226194,140.1446,271.08084
5.56,85,1014.2,0.9,0,15.29,63.43,14.546367,159.4016,246.9109
5.48,88,1013.8,0.6,0,13.28,40.6,5.6215541,181.48437,307.93985
9.15,59,1013.8,0,0,16.85,70.02,16.445671,203.34907,245.80199
9.01,64,1013.5,0,0,17.58,79.38,31.18658,222.14966,145.8094
9.54,64,1012.2,0.7,0,20.38,72.53,46.087373,237.30693,249.51502
8.1,77,1012.2,0.6,0,16.65,68.43,61.019728,249.68476,47.087222
3.35,66,1012.2,0,0,6.64,40.6,85.179187,93.237215,16.812366
1.63,84,1013,0,0,9.01,357.71,73.929372,100.84208,189.80922
2.01,86,1013.5,0,0,6.57,350.54,59.007724,111.67627,513.76958
6.61,63,1011.9,0,0,8.56,67.75,44.085304,124.3479,784.0065
10.41,49,1010.2,0,0,18.08,54.73,29.211608,139.97528,1027.8736
12.77,44,1008.7,0,0,18.92,68.81,14.595921,159.35161,829.40524
14.82,39,1007.8,0,0,23.76,89.13,5.9208496,181.60693,686.81278
15.22,38,1007.7,0,0,19.44,90,16.619882,203.62111,556.95978
14.44,41,1007.8,0,0,23.34,109.83,31.313918,222.49499,174.35133
13.97,47,1007.3,0,0,22.93,112.14,46.19998,237.66916,34.002555
10.54,68,1007.5,0,0,16.92,128.09,61.126129,250.0423,14.595123
10.8,70,1007.4,0.7,0,17.73,119.17,74.556682,259.71583,9.6833722
4.47,95,1009.5,1.6,0,11.21,47.6,73.299865,100.99203,1.8783543
4.7,95,1009.9,0.7,0,10.44,46.4,58.969753,111.43029,40.961315
6.11,91,1009.6,0.4,0,10,59.74,44.055574,124.1214,398.11256
7.11,86,1009.7,0.4,0,8.91,75.96,29.201598,139.80476,550.69889
8.14,83,1008,0.2,0,8.89,68.63,14.656259,159.30176,297.92457
8.5,82,1008,0,0,8.91,46.64,6.2301044,181.73227,455.46878
9.1,74,1007.9,0.1,0,15.68,58.13,16.802484,203.89737,457.49553
10.06,66,1007.1,0,0,18.28,57.88,31.445999,222.84392,393.47418
8.99,77,1006.9,0.3,0,22.91,45,46.315617,238.03375,206.87611
8.4,87,1007.3,1.5,0,19.59,20.43,61.234497,250.4012,111.46311
8.51,90,1006.7,1.4,0,20.27,33.41,76.150001,261.07465,75.63092
3.1,95,1011.2,0,0,9.18,25.56,100.07277,83.008742,22.207222
2.81,95,1010.8,0,0,7.52,16.7,88.610039,90.380213,93.382289
3.11,94,1011.8,0,0,6.88,6.01,73.848279,100.33997,185.65667
4.78,88,1011.5,0,0,9.11,18.43,58.932946,111.18367,267.32485
6.29,82,1010.9,0,0,15.48,35.54,44.028253,123.89372,394.44308
7.09,80,1010.1,0,0,20.3,37.07,29.196219,139.63298,482.98405
6.76,84,1010.1,0.4,0,22.16,43.03,14.727184,159.25198,316.56143
7.76,69,1008.3,0,0,20.67,54.93,6.5479714,181.86032,530.11866
8.24,67,1007.8,0,0,21.97,55.01,16.993046,204.17779,302.61083
8.57,65,1007.7,0,0,22.78,58.57,31.58267,223.19635,272.24847
8.72,63,1006.9,0,0,21.26,61.7,46.434174,238.40059,194.02072
9.01,61,1006.9,0,0,19.49,64.86,61.344737,250.76136,91.448095
9.05,59,1006.9,0,0,17.19,70.43,71.789045,258.37896,0.0375
2.68,95,1008,1.4,0,3.55,156.04,100.14847,82.675455,13.485484
2.89,96,1007.3,1.7,0,6.44,153.43,88.565662,90.12931,135.51043
3.21,95,1007.5,2,0,9.96,167.47,73.808113,100.08882,225.46611
3.62,93,1007.8,2.2,0,11.87,165.96,58.897366,110.93641,182.93889
3.94,93,1007.5,2.2,0,10.39,165.96,44.003401,123.66484,185.29973
5.41,88,1005.8,1.5,0,12.24,151.93,29.195516,139.4599,249.62361
7.28,82,1004.5,0.7,0,19.13,160.2,14.808467,159.20221,32.046548
7.45,77,1003.4,1.5,0,6.49,109.44,31.723768,223.55217,7.1075
6.62,84,1002.6,1.7,0,8.85,26.57,46.555537,238.76954,9.3633974
2.51,93,1005.2,2,1.68,16.18,339.15,61.456753,251.12263,0.27835317
1.72,96,1005.2,0,0,13.28,32.83,88.522464,89.878916,27.660556
2.2,94,1006.2,0,0,12.77,21.5,73.768299,99.837628,260.85006
3.1,92,1005.8,0,0,13.14,9.46,58.863079,110.68852,516.37833
4.37,88,1006.4,0,0,12.43,22.11,43.981079,123.43475,626.12122
7.12,82,1004.7,0.5,0,19.8,27.03,29.199532,139.28545,298.40836
7.68,80,1004.2,0.7,0,30.75,25.67,14.899849,159.15237,219.53748
7.43,87,1005.6,0,0,36.93,46.97,7.219016,182.23451,109.12147
7.39,85,1005.3,0.1,0,39.82,37.28,17.396334,204.75086,202.1585
7.64,81,1005.8,0.1,0,41.11,37.17,31.869126,223.91126,85.974686
8.17,78,1005.9,0,0,41.84,33.42,46.679587,239.14047,116.51056
7.14,77,1006.2,0,0,41.18,31.05,61.484105,251.41998,39.148023
-3.32,92,1013.4,0,0,29.38,352.96,100.16347,82.094987,6.3583333
-3.49,92,1013.1,0,0,30.06,353.81,88.480866,89.629042,368.43005
-2.5,91,1013,0,0,34.59,357.61,73.72891,99.586405,1005.7376
-1.38,82,1013.2,0,0,38.94,3.18,58.830151,110.43999,1120.8914
-0.2,76,1013.2,0,0,42.06,6.88,43.961345,123.20341,1637.6355
0.81,67,1012,0,0,44.92,9.69,29.208303,139.10957,2142.2057
1.58,63,1011.8,0,0,46.2,13.06,15.001054,159.10239,1305.8351
2.88,61,1012.6,0,0,53.1,10.55,7.5422315,182.26037,1723.1202
3.35,59,1012.3,0,0,51.02,8.93,17.608201,205.04336,1995.2404
3.76,57,1012.4,0,0,53.53,12.82,32.018569,224.27351,1689.6365
3.92,55,1012.2,0,0,54.67,12.94,46.806198,239.51324,997.45909
4.03,55,1012.2,0,0,55.29,12.41,61.685696,251.84802,507.43333
3.76,57,1012.6,0,0,54.94,15.58,73.607072,260.46592,27.297123
-1.34,78,1021.9,0,0,26.67,328.24,100.73023,81.430521,6.5301802
-0.66,73,1022.2,0,0,29.35,326.5,88.441247,89.379697,121.87213
-0.21,75,1022.8,0,0.14,31.45,326.67,73.690026,99.335157,450.78138
0.6,82,1023.2,0.1,0.42,31.45,326.67,58.798652,110.19082,871.6075
2.25,80,1023.5,0.1,0.56,31.26,324.85,43.944261,122.9708,875.37472
4.32,72,1022.5,0,0,36.45,317.8,29.22186,138.9322,960.74139
5.37,74,1021.8,0.1,0,38.45,313.86,15.111784,159.05217,813.86954
5.98,85,1019.9,0.4,0,24.49,311.42,7.8841805,182.39881,531.99432
9.11,78,1018.9,0.1,0,29.81,317.45,17.826312,205.33972,270.46316
11.17,72,1018.5,0,0,31.67,319.61,32.171913,224.63878,326.12917
12.26,69,1017.6,0,0,32.06,325.06,46.935239,239.88772,140.42278
12.29,71,1018.4,0,0,31.85,325.59,61.802405,252.21185,370.65444
10.59,82,1019.1,0,0,26.37,327.83,72.47701,259.96948,5.9262821
4.55,96,1027.9,0,0,21.27,326.04,61.209215,107.98492,1.7159452
4.34,96,1028.4,0,0,20.47,325.75,61.209215,107.98492,87.292352
5.36,94,1029.2,0,0,21.27,326.04,61.209215,107.98492,290.58443
6.92,89,1029.1,0,0,25.12,334.54,57.926698,110.56926,665.51778
8.8,80,1029.1,0,0,27.79,343.44,43.929888,122.73699,492.76944
10.35,72,1028.6,0,0,30.06,353.81,29.240247,138.7534,140.00306
4.75,96,1031.3,0,0,4.1,254.74,102.11023,79.932079,4.7921769
5.35,90,1030.3,0,0,3.96,270,88.368477,88.882611,414.80171
6.94,81,1030.2,0,0,3.6,270,73.61409,98.832596,1245.102
11.3,71,1028.9,0,0,4.39,325.01,58.740219,109.69053,1936.7731
15.27,58,1028.3,0,0,12.1,329.62,43.918275,122.50162,2405.682
16.92,48,1027,0,0,14.49,333.43,29.263435,138.57267,2798.8026
17.88,45,1027.2,0,0,16.39,340.77,15.360568,158.95064,2857.0071
18.08,38,1028.1,0,0,12.43,349.99,8.5794352,182.68288,2842.0558
19.17,36,1027.4,0,0,13.8,344.88,18.279591,205.94367,2597.9899
19.64,34,1027.1,0,0,15.95,331.7,32.489543,225.37785,2171.1956
19.41,34,1026.5,0,0,18.72,322.03,47.200062,240.64117,1499.2858
18.85,36,1025.9,0,0,20.15,318.62,62.039719,252.94112,594.12119
17.84,39,1025.8,0,0,20.7,319.94,73.941703,261.52892,35.945833
4.45,93,1030.2,0,0,9,323.13,102.04937,79.685035,4.4904762
4.2,99,1030.6,0,0,6.7,323.75,88.334822,88.634872,387.12615
5.75,84,1030.5,0,0,5,329.74,73.577204,98.581285,897.60474
9.04,66,1029.4,0,0,9.72,360,58.713429,109.43939,1004.3757
11.34,55,1029.7,0,0,12.24,360,43.909492,122.26498,2034.4893
13.38,46,1027.9,0,0,15.84,360,29.291491,138.39035,2763.0826
14.8,45,1027.5,0,0,18.03,356.57,15.497985,158.89911,2228.0774
15.94,39,1026.9,0,0,17.37,354.05,8.9316005,182.82832,2186.9103
16.96,35,1026.3,0,0,16.26,354.92,18.513941,206.25103,2516.2902
17.62,32,1026.1,0,0,16.66,353.8,32.56077,225.64411,1070.2377
17.82,32,1025.7,0,0,17.87,350.73,47.335557,241.01985,1179.3527
17.89,32,1025.3,0,0,17.56,344.54,62.191587,253.32904,477.62872
17.18,35,1025.2,0,0,18.12,339.04,73.806538,261.71393,22.832843
7.21,67,1029.4,0,0,4.68,270,101.47094,79.782542,23.744074
6.97,65,1029.2,0,0,5.51,281.31,88.218507,88.444165,294.45087
8.92,61,1029.8,0,0,6.3,300.96,73.541152,98.32995,945.63214
13.04,52,1029.1,0,0,10.3,323.53,58.688353,109.18757,1655.5333
15.7,36,1028.8,0,0,14.88,327.85,43.90359,122.02692,2460.5933
16.93,33,1028.9,0,0,17.07,335.06,29.225559,138.33555,2745.8985
17.81,32,1028.7,0,0,16.07,344.41,15.643641,158.84691,2885.0596
18.74,24,1028.1,0,0,20.78,345.96,9.2860828,182.97591,2820.1377
19.65,24,1027.8,0,0,19.73,345.2,18.752897,206.56182,2570.0332
20.22,25,1027.9,0,0,18.45,342.98,32.82045,226.12729,2119.1084
20.46,26,1027.1,0,0,17.78,338.63,47.472912,241.39961,1463.5934
20.33,28,1026.7,0,0,16.9,333.43,62.28141,253.67154,632.30069
19.63,31,1026.8,0,0,15.68,328.13,74.662793,262.57354,25.66378
7.6,57,1030.1,0,0,6.49,289.44,102.66677,78.697855,7.4369697
7.15,52,1030.2,0,0,6.38,286.39,88.269994,88.140987,414.33761
7.99,50,1031.2,0,0,6.52,276.34,73.506017,98.078587,1242.1246
11.56,42,1031.1,0,0,7.7,322.59,58.665062,108.93506,1977.6512
14.45,24,1030.8,0,0,12.37,351.63,43.900624,121.78741,2467.4836
15.51,24,1030.7,0,0,17.31,3.58,29.36219,138.02018,2676.6376
16.63,28,1030,0,0,19.65,8.43,15.797199,158.79393,2951.6153
19,31,1028.1,0,0,17.11,8.47,9.6424268,183.12552,2840.5825
19.81,30,1027.2,0,0,16.6,12.53,18.996071,206.87592,2529.9274
20.36,32,1026.9,0,0,15.89,13.09,32.990376,226.50552,2189.2986
20.49,33,1026.6,0,0,17.65,11.77,47.611977,241.78031,1516.5812
20.12,33,1026.4,0,0,18.51,13.5,62.403582,254.03683,663.24186
19.13,34,1026,0,0,18.51,13.5,74.899587,263.01028,24.531707
3.05,94,1032.2,0,0,5.48,23.2,102.85315,78.288305,11.032749
2.52,94,1033,0,0,6.49,19.44,88.237683,87.894834,447.66534
3.19,89,1033.5,0,0,7.24,5.71,73.471883,97.827193,1290.326
5.87,75,1032.3,0,0,10.83,15.42,58.643626,108.68184,2020.3884
8.21,65,1032,0,0,14.33,25.28,43.900644,121.54639,2535.9097
10.76,53,1030.5,0,0,16.87,33.69,29.404832,137.83214,2860.7291
12.97,44,1029.7,0,0,18.58,35.54,15.958318,158.74003,2964.7868
14.56,39,1029.6,0,0,20.09,36.25,10.000219,183.27706,2882.3406
15.49,35,1028.6,0,0,20.02,37.69,19.243085,207.19321,2645.7264
16.16,32,1028.2,0,0,18.95,38.83,33.163009,226.88588,2190.4372
16.48,30,1027.5,0,0,18.44,38.66,47.752598,242.16177,1483.3401
16.17,29,1027.1,0,0,19.08,35.79,62.526467,254.40197,637.58692
15.08,32,1027,0,0,19.17,34.29,75.383718,263.61353,20.239352
3.3,34,1029.4,0,0,6.92,231.34,102.92297,77.958506,22.50977
3.23,29,1028.6,0,0,7.2,216.87,88.20501,87.6492,453.44921
5.21,28,1028.9,0,0,7.15,220.91,73.438833,97.575765,1267.1514
9.59,31,1027.2,0,0,2.74,246.8,58.624113,108.4279,1930.9045
13.12,26,1026.5,0,0,4.61,38.66,43.903697,121.30383,2486.0261
15.49,23,1024.9,0,0,10.44,43.6,29.452322,137.64201,2776.8061
16.75,26,1024.5,0,0,13.61,37.48,16.044646,158.83813,2859.7307
18.1,22,1024.4,0,0,8.89,31.76,10.359084,183.43039,2822.1077
18.58,24,1023.2,0,0,11.79,31.26,19.493573,207.51354,2550.4818
19.15,25,1023.3,0,0,12.68,34.59,33.338144,227.26819,1991.6871
19.28,26,1022.7,0,0,13.28,32.83,47.894623,242.54385,1376.3088
18.89,27,1022,0,0,13.39,36.25,62.649936,254.76682,473.10799
18.07,30,1021.9,0,0,14.26,42.95,74.858462,263.53331,29.267865
7.54,48,1021.6,0,0,13.98,191.89,102.47029,77.980316,18.433939
7.67,43,1021.4,0,0,14.26,190.18,88.171901,87.404082,463.9205
10.39,36,1021.3,0,0,14.42,182.86,73.406949,97.324299,1012.4864
13.89,25,1020.1,0,0,15.63,172.06,58.606589,108.17323,1580.3163
16.16,24,1019.9,0,0,15.48,162.41,43.909826,121.05968,1852.0908
17.65,25,1018.7,0,0,14.69,162.9,29.504642,137.4497,1877.7974
18.98,22,1017.8,0,0,14.59,164.25,16.301878,158.62895,2126.2377
19.49,29,1018.1,0,0,4.39,34.99,10.718677,183.58539,2445.8871
19.72,30,1017.2,0,0,9.01,2.29,19.747179,207.83677,2303.6675
19.46,29,1017.2,0,0,11.57,354.64,33.515572,227.65229,1779.6742
19.45,24,1016.8,0,0,12.6,360,48.037897,242.92636,684.29286
19.96,23,1015.7,0,0,14.87,6.95,62.773857,255.13123,97.36077
19.13,22,1015.5,0,0,14.06,2.94,74.497482,263.56102,6.387619
-0.48,88,1019.8,0,0,8.09,339.15,103.04462,77.317206,18.831473
0.14,93,1019.5,0,0,9.78,353.66,88.138414,87.159475,463.50612
0.72,88,1020.6,0,0,10.46,3.95,73.37631,97.072794,1302.6158
2.74,73,1019.6,0,0,11.37,10.95,58.591118,107.91781,2005.9706
5.32,58,1018,0,0,13.44,20.38,43.91907,120.81392,2487.1641
7.92,47,1016.6,0,0,16.12,29.43,29.561765,137.25511,2818.3444
10.26,39,1014.8,0,0,17.67,33.37,16.483638,158.57149,2940.5742
16.12,38,1012.9,0,0,14.02,41.88,11.07868,183.74193,2852.2145
16.84,36,1012.4,0,0,15.78,45,20.003558,208.16276,2607.0379
17.18,35,1011.7,0,0,16.56,47.64,33.689453,228.02735,2159.4315
17.21,34,1011.4,0,0,15.53,45.94,48.182265,243.30915,1475.6098
16.98,32,1011.6,0,0,15.78,45,62.898102,255.49505,643.55761
16.18,32,1011.4,0,0,15.53,45.94,75.845126,264.74658,18.146392
4.11,74,1013.6,0,0,7.93,219.47,103.10521,76.999483,21.656557
3.87,72,1013.4,0,0,7.99,215.84,88.104685,86.915375,487.58154
6.13,63,1013.3,0,0,6.64,220.6,73.346996,96.821249,1301.0222
10.44,53,1011.7,0,0,1.48,255.96,58.577762,107.66165,1993.0516
13.61,42,1011,0,0,5.12,39.29,43.931465,120.56651,2511.6848
15.53,35,1010.3,0,0,9.39,32.47,29.623656,137.05815,2823.7859
16.77,34,1009.8,0,0,12.4,25.82,16.671602,158.51255,2927.9754
17.76,35,1010.4,0,0,14.76,12.68,11.438801,183.89988,2874.1014
18.04,33,1010,0,0,14.47,5.71,20.262375,208.49134,2604.5209
18.42,30,1009.8,0,0,14.44,4.29,33.876482,228.42516,2186.9598
18.32,30,1009.5,0,0,13.34,3.09,48.327573,243.69205,1532.9348
18.04,29,1009.1,0,0,11.57,5.36,63.022538,255.85813,677.14549
17.3,31,1009.1,0,0,10.74,13.57,75.833769,265.01095,18.997783
4.67,94,1015.7,0,0,27.45,175.49,103.04437,76.764653,61.526763
3.92,95,1016.6,0,0,28.31,172.69,88.070884,86.671778,291.58536
5.59,85,1017,0,0,28.41,171.25,73.319083,96.569662,1198.7506
7.46,77,1016.4,0,0,28.11,170.42,58.566579,107.40473,2067.6887
9.38,70,1016.9,0,0,27.26,167.8,43.947042,120.3174,2582.9049
11.55,63,1015.9,0,0,26.9,164.48,29.686613,136.86476,2710.3849
13.28,57,1015.2,0,0,27.32,161.57,16.76611,158.64709,2954.9119
15.38,49,1014.9,0,0,25.96,163.07,11.798769,184.05908,2775.9501
16.27,45,1014.7,0,0,25.28,162.6,20.523308,208.82237,2568.1236
16.76,45,1014.9,0,0,23.8,162.39,34.059551,228.81357,2059.5733
16.9,46,1014.4,0,0,21.66,164.58,48.473664,244.07488,1422.7079
16.8,47,1014.7,0,0,18.86,166.76,63.147037,256.22033,519.10854
16.23,45,1015.6,0,0,17.56,164.54,75.822115,265.27416,23.134496
3.69,72,1024,0,0,23.83,175.67,102.98459,76.530772,33.632208
2.77,76,1024.8,0,0,22.39,175.39,88.037192,86.428683,467.36701
5.08,70,1024.7,0,0,25.76,172.78,73.292647,96.318037,1310.2292
6.46,66,1024.1,0,0,28.66,168.41,58.557627,107.14705,2029.8187
7.97,55,1024.6,0,0,29.52,167.32,43.965829,120.06657,2429.3202
9.52,49,1023.9,0,0,28.8,161.79,29.761573,136.65676,2860.7503
11.19,41,1022.8,0,0,28.66,154.72,17.06481,158.38968,2962.5103
13.9,35,1021.6,0,0,28.16,147.53,12.158329,184.2194,2949.8447
14.6,35,1021.5,0,0,29.46,144.95,20.786043,209.15567,2717.1814
15.21,30,1021.1,0,0,30.17,144.22,34.244087,229.20305,2269.9887
15.3,26,1020.6,0,0,30.6,143.13,48.620384,244.45748,1544.4435
14.96,28,1020.8,0,0,31.26,147.23,63.271466,256.58149,640.28904
14.06,31,1021.5,0,0,30.95,150.75,76.056338,265.70212,39.576705
0.49,87,1028.5,0,0,41.56,162.35,102.71848,76.434655,34.521546
0.6,89,1028.4,0,0,42.01,162.03,88.003783,86.186088,470.38138
2.18,81,1028.4,0,0,44.07,162.9,73.26776,96.066375,1204.6823
3.86,69,1027.6,0,0,45.32,165.74,58.550958,106.8886,2088.991
6.09,51,1026.6,0,0,45.66,165.85,43.987846,119.81399,2684.0389
6.66,43,1025.8,0,0,44.36,164.95,29.837493,136.45214,2613.1881
7.66,42,1024.7,0,0,39.5,161.4,17.269399,158.32543,1153.9587
11.09,41,1023.5,0,0,39.4,160.24,12.517244,184.38067,631.14707
12.05,36,1023,0,0,37.04,158.92,21.050278,209.49109,335.64778
11.69,36,1022.3,0,0,33.43,157.85,34.429888,229.59342,128.5947
12.69,34,1021.5,0,0,35.31,156.57,48.767577,244.83968,60.467734
12.3,38,1021,0,0,33.5,151.78,63.395698,256.94146,15.597349
2.71,64,1026.1,0,0,36.06,165.55,101.08204,77.240423,4.6546099
